Genus,Species,Red List status
Acroteriobatus,annulatus,LC
Acroteriobatus,blochii,LC
Acroteriobatus,leucospilus,DD
Acroteriobatus,ocellatus,DD
Acroteriobatus,salalah,DD
Acroteriobatus,variegatus,DD
Acroteriobatus,zanzibarensis,NT
Aculeola,nigra,DD
Aetobatus,flagellum,EN
Aetobatus,narinari,NT
Aetobatus,ocellatus,VU
Aetomylaeus,asperrimus,DD
Aetomylaeus,bovinus,DD
Aetomylaeus,caeruleofasciatus,LC
Aetomylaeus,maculatus,EN
Aetomylaeus,nichofii,VU
Aetomylaeus,vespertilio,EN
Alopias,pelagicus,VU
Alopias,superciliosus,VU
Alopias,vulpinus,VU
Amblyraja,badia,LC
Amblyraja,doellojuradoi,LC
Amblyraja,frerichsi,DD
Amblyraja,georgiana,DD
Amblyraja,hyperborea,LC
Amblyraja,jenseni,LC
Amblyraja,radiata,VU
Amblyraja,reversa,DD
Amblyraja,robertsi,LC
Amblyraja,taaf,DD
Anacanthobatis,americanus,DD
Anacanthobatis,donghaiensis,DD
Anacanthobatis,folirostris,DD
Anacanthobatis,longirostris,DD
Anacanthobatis,marmoratus,DD
Anacanthobatis,nanhaiensis,DD
Anacanthobatis,ori,DD
Anacanthobatis,stenosoma,DD
Anoxypristis,cuspidata,EN
Apristurus,albisoma,LC
Apristurus,ampliceps,LC
Apristurus,aphyodes,LC
Apristurus,australis,LC
Apristurus,brunneus,DD
Apristurus,bucephalus,DD
Apristurus,canutus,DD
Apristurus,exsanguis,LC
Apristurus,fedorovi,DD
Apristurus,gibbosus,DD
Apristurus,herklotsi,DD
Apristurus,indicus,DD
Apristurus,internatus,DD
Apristurus,investigatoris,DD
Apristurus,japonicus,DD
Apristurus,kampae,DD
Apristurus,laurussonii,DD
Apristurus,longicephalus,LC
Apristurus,macrorhynchus,DD
Apristurus,macrostomus,DD
Apristurus,manis,LC
Apristurus,melanoasper,LC
Apristurus,microps,LC
Apristurus,micropterygeus,DD
Apristurus,nasutus,DD
Apristurus,parvipinnis,DD
Apristurus,pinguis,LC
Apristurus,platyrhynchus,LC
Apristurus,profundorum,DD
Apristurus,riveri,DD
Apristurus,saldanha,LC
Apristurus,sibogae,DD
Apristurus,sinensis,DD
Apristurus,spongiceps,DD
Apristurus,stenseni,DD
Aptychotrema,rostrata,LC
Aptychotrema,timorensis,VU
Aptychotrema,vincentiana,LC
Arhynchobatis,asperrimus,DD
Asymbolus,analis,LC
Asymbolus,funebris,DD
Asymbolus,galacticus,LC
Asymbolus,occiduus,LC
Asymbolus,pallidus,LC
Asymbolus,parvus,LC
Asymbolus,rubiginosus,LC
Asymbolus,submaculatus,LC
Asymbolus,vincenti,LC
Atelomycterus,baliensis,VU
Atelomycterus,fasciatus,LC
Atelomycterus,macleayi,LC
Atelomycterus,marmoratus,NT
Atelomycterus,marnkalha,DD
Atlantoraja,castelnaui,EN
Atlantoraja,cyclophora,VU
Atlantoraja,platana,VU
Aulohalaelurus,kanakorum,VU
Aulohalaelurus,labiosus,LC
Bathyraja,abyssicola,DD
Bathyraja,aguja,DD
Bathyraja,aleutica,LC
Bathyraja,andriashevi,LC
Bathyraja,bergi,LC
Bathyraja,brachyurops,LC
Bathyraja,cousseauae,NT
Bathyraja,diplotaenia,LC
Bathyraja,eatonii,DD
Bathyraja,fedorovi,LC
Bathyraja,griseocauda,EN
Bathyraja,hesperafricana,DD
Bathyraja,interrupta,LC
Bathyraja,irrasa,NT
Bathyraja,ishiharai,DD
Bathyraja,isotrachys,LC
Bathyraja,kincaidii,DD
Bathyraja,lindbergi,LC
Bathyraja,longicauda,DD
Bathyraja,maccaini,NT
Bathyraja,maculata,LC
Bathyraja,mariposa,LC
Bathyraja,matsubarai,DD
Bathyraja,meridionalis,DD
Bathyraja,microtrachys,LC
Bathyraja,minispinosa,LC
Bathyraja,pallida,LC
Bathyraja,panthera,LC
Bathyraja,papilonifera,DD
Bathyraja,parmifera,LC
Bathyraja,peruana,DD
Bathyraja,richardsoni,LC
Bathyraja,scaphiops,NT
Bathyraja,schroederi,DD
Bathyraja,shuntovi,DD
Bathyraja,smirnovi,LC
Bathyraja,smithii,DD
Bathyraja,spinicauda,NT
Bathyraja,spinosissima,LC
Bathyraja,trachouros,LC
Bathyraja,trachura,LC
Bathyraja,tunae,DD
Bathyraja,tzinovskii,LC
Bathyraja,violacea,DD
Bathytoshia,brevicaudata,LC
Bathytoshia,centroura,LC
Bathytoshia,lata,LC
Benthobatis,kreffti,VU
Benthobatis,marcida,LC
Benthobatis,moresbyi,DD
Benthobatis,yangi,VU
Beringraja,binoculata,LC
Beringraja,pulchra,VU
Brachaelurus,colcloughi,VU
Brachaelurus,waddi,LC
Breviraja,claramaculata,DD
Breviraja,colesi,DD
Breviraja,nigriventralis,DD
Breviraja,spinosa,DD
Brevitrygon,imbricata,DD
Brevitrygon,walga,NT
Brochiraja,aenigma,DD
Brochiraja,albilabiata,DD
Brochiraja,asperula,DD
Brochiraja,leviveneta,DD
Brochiraja,microspinifera,DD
Brochiraja,spinifera,DD
Bythaelurus,alcockii,DD
Bythaelurus,canescens,DD
Bythaelurus,clevai,DD
Bythaelurus,dawsoni,DD
Bythaelurus,hispidus,DD
Bythaelurus,immaculatus,DD
Bythaelurus,incanus,DD
Bythaelurus,lutarius,DD
Callorhinchus,callorynchus,LC
Callorhinchus,capensis,LC
Callorhinchus,milii,LC
Carcharhinus,acronotus,NT
Carcharhinus,albimarginatus,VU
Carcharhinus,altimus,DD
Carcharhinus,amblyrhynchoides,NT
Carcharhinus,amblyrhynchos,NT
Carcharhinus,amboinensis,DD
Carcharhinus,borneensis,EN
Carcharhinus,brachyurus,NT
Carcharhinus,brevipinna,NT
Carcharhinus,cautus,DD
Carcharhinus,dussumieri,NT
Carcharhinus,falciformis,NT
Carcharhinus,fitzroyensis,LC
Carcharhinus,galapagensis,NT
Carcharhinus,hemiodon,CR
Carcharhinus,isodon,LC
Carcharhinus,leiodon,VU
Carcharhinus,leucas,NT
Carcharhinus,limbatus,NT
Carcharhinus,longimanus,VU
Carcharhinus,macloti,NT
Carcharhinus,melanopterus,NT
Carcharhinus,obscurus,VU
Carcharhinus,perezi,NT
Carcharhinus,plumbeus,VU
Carcharhinus,porosus,DD
Carcharhinus,sealei,NT
Carcharhinus,signatus,VU
Carcharhinus,sorrah,NT
Carcharhinus,tilstoni,LC
Carcharias,taurus,VU
Carcharodon,carcharias,VU
Centrophorus,atromarginatus,DD
Centrophorus,harrissoni,EN
Centrophorus,isodon,DD
Centrophorus,lusitanicus,VU
Centrophorus,moluccensis,DD
Centrophorus,seychellorum,DD
Centrophorus,squamosus,VU
Centrophorus,tessellatus,DD
Centrophorus,uyato,DD
Centrophorus,westraliensis,DD
Centroscyllium,excelsum,DD
Centroscyllium,fabricii,LC
Centroscyllium,granulatum,DD
Centroscyllium,kamoharai,DD
Centroscyllium,nigrum,DD
Centroscyllium,ornatum,DD
Centroscyllium,ritteri,DD
Centroscymnus,coelolepis,NT
Centroscymnus,owstonii,LC
Centroselachus,crepidater,LC
Cephaloscyllium,albipinnum,NT
Cephaloscyllium,cooki,DD
Cephaloscyllium,fasciatum,DD
Cephaloscyllium,hiscosellum,LC
Cephaloscyllium,isabellum,LC
Cephaloscyllium,laticeps,LC
Cephaloscyllium,maculatum,DD
Cephaloscyllium,pardelotum,DD
Cephaloscyllium,sarawakensis,DD
Cephaloscyllium,signourum,DD
Cephaloscyllium,silasi,DD
Cephaloscyllium,speccum,DD
Cephaloscyllium,sufflans,LC
Cephaloscyllium,umbratile,DD
Cephaloscyllium,variegatum,NT
Cephaloscyllium,ventriosum,LC
Cephaloscyllium,zebrum,DD
Cephalurus,cephalus,DD
Cetorhinus,maximus,VU
Chaenogaleus,macrostoma,VU
Chiloscyllium,arabicum,NT
Chiloscyllium,burmensis,DD
Chiloscyllium,griseum,NT
Chiloscyllium,hasselti,NT
Chiloscyllium,indicum,NT
Chiloscyllium,plagiosum,NT
Chiloscyllium,punctatum,NT
Chimaera,argiloba,LC
Chimaera,bahamaensis,DD
Chimaera,cubana,DD
Chimaera,fulva,LC
Chimaera,jordani,DD
Chimaera,lignaria,LC
Chimaera,macrospina,LC
Chimaera,monstrosa,NT
Chimaera,notafricana,LC
Chimaera,obscura,DD
Chimaera,owstoni,DD
Chimaera,panthera,DD
Chimaera,phantasma,DD
Chlamydoselachus,anguineus,LC
Cirrhigaleus,asper,DD
Cirrhigaleus,australis,DD
Cirrhigaleus,barbifer,DD
Cirrhoscyllium,expolitum,DD
Cirrhoscyllium,formosanum,DD
Cirrhoscyllium,japonicum,DD
Crassinarke,dormitor,DD
Cruriraja,andamanica,DD
Cruriraja,atlantis,DD
Cruriraja,cadenati,DD
Cruriraja,durbanensis,DD
Cruriraja,poeyi,DD
Cruriraja,rugosa,DD
Ctenacis,fehlmanni,DD
Dactylobatus,armatus,DD
Dactylobatus,clarkii,DD
Dalatias,licha,NT
Dasyatis,chrysonota,LC
Dasyatis,hypostigma,DD
Dasyatis,marmorata,DD
Dasyatis,pastinaca,DD
Deania,calcea,LC
Deania,hystricosa,DD
Deania,profundorum,LC
Deania,quadrispinosa,NT
Dentiraja,flindersi,DD
Dentiraja,lemprieri,LC
Diplobatis,colombiensis,VU
Diplobatis,guamachensis,VU
Diplobatis,ommata,VU
Diplobatis,pictus,VU
Dipturus,acrobelus,LC
Dipturus,apricus,LC
Dipturus,australis,VU
Dipturus,batis,CR
Dipturus,bullisi,DD
Dipturus,campbelli,NT
Dipturus,canutus,EN
Dipturus,cerva,NT
Dipturus,confusus,CR
Dipturus,crosnieri,VU
Dipturus,doutrei,DD
Dipturus,ecuadoriensis,DD
Dipturus,endeavouri,NT
Dipturus,falloargus,DD
Dipturus,garricki,DD
Dipturus,gigas,DD
Dipturus,grahami,LC
Dipturus,gudgeri,NT
Dipturus,healdi,LC
Dipturus,innominatus,NT
Dipturus,johannisdavesi,DD
Dipturus,kwangtungensis,DD
Dipturus,laevis,EN
Dipturus,lanceorostratus,DD
Dipturus,leptocaudus,DD
Dipturus,macrocauda,DD
Dipturus,melanospilus,DD
Dipturus,mennii,VU
Dipturus,nidarosiensis,NT
Dipturus,oculus,LC
Dipturus,olseni,DD
Dipturus,oregoni,DD
Dipturus,oxyrinchus,NT
Dipturus,polyommata,LC
Dipturus,pullopunctatus,LC
Dipturus,queenslandicus,DD
Dipturus,springeri,DD
Dipturus,stenorhynchus,DD
Dipturus,teevani,DD
Dipturus,tengu,DD
Dipturus,trachydermus,VU
Dipturus,wengi,LC
Dipturus,wuhanlingi,DD
Discopyge,tschudii,NT
Echinorhinus,brucus,DD
Echinorhinus,cookei,NT
Electrolux,addisoni,CR
Eridacnis,barbouri,DD
Eridacnis,radcliffei,LC
Eridacnis,sinuans,LC
Etmopterus,baxteri,LC
Etmopterus,bigelowi,LC
Etmopterus,brachyurus,DD
Etmopterus,bullisi,DD
Etmopterus,burgessi,DD
Etmopterus,carteri,DD
Etmopterus,caudistigmus,LC
Etmopterus,decacuspidatus,DD
Etmopterus,dianthus,LC
Etmopterus,dislineatus,LC
Etmopterus,evansi,LC
Etmopterus,fusus,LC
Etmopterus,gracilispinis,LC
Etmopterus,granulosus,LC
Etmopterus,hillianus,LC
Etmopterus,litvinovi,DD
Etmopterus,lucifer,LC
Etmopterus,molleri,DD
Etmopterus,perryi,DD
Etmopterus,polli,DD
Etmopterus,princeps,DD
Etmopterus,pseudosqualiolus,LC
Etmopterus,pusillus,LC
Etmopterus,pycnolepis,DD
Etmopterus,robinsi,LC
Etmopterus,schultzi,LC
Etmopterus,sentosus,LC
Etmopterus,spinax,LC
Etmopterus,splendidus,DD
Etmopterus,unicolor,DD
Etmopterus,villosus,LC
Etmopterus,virens,LC
Eucrossorhinus,dasypogon,LC
Euprotomicroides,zantedeschia,DD
Euprotomicrus,bispinatus,LC
Eusphyra,blochii,EN
Fenestraja,atripinna,DD
Fenestraja,cubensis,DD
Fenestraja,ishiyamai,DD
Fenestraja,maceachrani,DD
Fenestraja,mamillidens,DD
Fenestraja,plutonia,DD
Fenestraja,sibogae,DD
Fenestraja,sinusmexicanus,DD
Figaro,boardmani,LC
Figaro,striatus,DD
Fluvitrygon,kittipongi,EN
Fluvitrygon,oxyrhyncha,EN
Fluvitrygon,signifer,EN
Fontitrygon,colarensis,VU
Fontitrygon,garouaensis,VU
Fontitrygon,geijskesi,NT
Fontitrygon,margarita,EN
Fontitrygon,margaritella,DD
Fontitrygon,ukpam,EN
Furgaleus,macki,LC
Galeocerdo,cuvier,NT
Galeorhinus,galeus,VU
Galeus,antillensis,DD
Galeus,arae,LC
Galeus,atlanticus,NT
Galeus,cadenati,DD
Galeus,eastmani,LC
Galeus,gracilis,DD
Galeus,longirostris,DD
Galeus,melastomus,LC
Galeus,mincaronei,VU
Galeus,murinus,LC
Galeus,nipponensis,DD
Galeus,piperatus,LC
Galeus,polli,LC
Galeus,priapus,LC
Galeus,sauteri,DD
Galeus,schultzi,DD
Galeus,springeri,DD
Ginglymostoma,cirratum,DD
Glaucostegus,cemiculus,EN
Glaucostegus,granulatus,VU
Glaucostegus,halavi,DD
Glaucostegus,obtusus,VU
Glaucostegus,thouin,VU
Glaucostegus,typus,VU
Glyphis,gangeticus,CR
Glyphis,garricki,CR
Glyphis,glyphis,EN
Glyphis,siamensis,CR
Gogolia,filewoodi,DD
Gollum,attenuatus,LC
Gurgesiella,atlantica,DD
Gurgesiella,dorsalifera,VU
Gurgesiella,furvescens,LC
Gymnura,altavela,VU
Gymnura,australis,LC
Gymnura,crebripunctata,DD
Gymnura,japonica,DD
Gymnura,marmorata,LC
Gymnura,micrura,DD
Gymnura,natalensis,DD
Gymnura,poecilura,NT
Gymnura,tentaculata,DD
Gymnura,zonura,VU
Halaelurus,boesemani,DD
Halaelurus,buergeri,DD
Halaelurus,lineatus,DD
Halaelurus,maculosus,LC
Halaelurus,natalensis,DD
Halaelurus,quagga,DD
Halaelurus,sellus,LC
Haploblepharus,edwardsii,NT
Haploblepharus,fuscus,VU
Haploblepharus,kistnasamyi,CR
Haploblepharus,pictus,LC
Harriotta,haeckeli,LC
Harriotta,raleighana,LC
Hemigaleus,australiensis,LC
Hemigaleus,microstoma,VU
Hemipristis,elongata,VU
Hemiscyllium,freycineti,NT
Hemiscyllium,galei,DD
Hemiscyllium,hallstromi,VU
Hemiscyllium,henryi,DD
Hemiscyllium,michaeli,NT
Hemiscyllium,ocellatum,LC
Hemiscyllium,strahani,VU
Hemiscyllium,trispeculare,LC
Hemitriakis,abdita,DD
Hemitriakis,complicofasciata,DD
Hemitriakis,falcata,LC
Hemitriakis,japanica,LC
Hemitriakis,leucoperiptera,EN
Hemitrygon,akajei,NT
Hemitrygon,bennetti,DD
Hemitrygon,fluviorum,VU
Hemitrygon,izuensis,NT
Hemitrygon,laevigata,NT
Hemitrygon,laosensis,EN
Hemitrygon,navarrae,DD
Hemitrygon,parvonigra,DD
Hemitrygon,sinensis,DD
Heptranchias,perlo,NT
Heterodontus,francisci,DD
Heterodontus,galeatus,LC
Heterodontus,japonicus,LC
Heterodontus,mexicanus,DD
Heterodontus,omanensis,DD
Heterodontus,portusjacksoni,LC
Heterodontus,quoyi,DD
Heterodontus,ramalheira,DD
Heterodontus,zebra,LC
Heteronarce,bentuviai,DD
Heteronarce,garmani,VU
Heteronarce,mollis,DD
Heteronarce,prabhui,DD
Heteroscymnoides,marleyi,LC
Hexanchus,griseus,NT
Hexanchus,nakamurai,DD
Hexatrygon,bickelli,LC
Himantura,leoparda,VU
Himantura,marginata,DD
Himantura,schmardae,DD
Himantura,uarnak,VU
Himantura,undulata,VU
Holohalaelurus,favus,EN
Holohalaelurus,grennian,DD
Holohalaelurus,melanostigma,DD
Holohalaelurus,punctatus,EN
Holohalaelurus,regani,LC
Hongeo,koreana,DD
Hydrolagus,affinis,LC
Hydrolagus,africanus,DD
Hydrolagus,alberti,DD
Hydrolagus,alphus,DD
Hydrolagus,barbouri,DD
Hydrolagus,bemisi,LC
Hydrolagus,colliei,LC
Hydrolagus,homonycteris,LC
Hydrolagus,lemures,LC
Hydrolagus,lusitanicus,LC
Hydrolagus,macrophthalmus,DD
Hydrolagus,marmoratus,LC
Hydrolagus,matallanasi,DD
Hydrolagus,mccoskeri,DD
Hydrolagus,melanophasma,LC
Hydrolagus,mirabilis,NT
Hydrolagus,mitsukurii,DD
Hydrolagus,novaezealandiae,LC
Hydrolagus,ogilbyi,VU
Hydrolagus,pallidus,LC
Hydrolagus,purpurescens,DD
Hydrolagus,trolli,LC
Hypanus,americanus,DD
Hypanus,dipterurus,DD
Hypanus,guttatus,DD
Hypanus,longus,DD
Hypanus,marianae,DD
Hypanus,rudis,DD
Hypanus,sabinus,LC
Hypanus,say,LC
Hypnos,monopterygius,LC
Hypogaleus,hyugaensis,LC
Iago,garricki,LC
Iago,omanensis,LC
Insentiraja,laxipella,DD
Insentiraja,subtilispinosa,LC
Irolita,waitii,LC
Irolita,westraliensis,DD
Isistius,brasiliensis,LC
Isistius,labialis,DD
Isistius,plutodus,LC
Isogomphodon,oxyrhynchus,CR
Isurus,oxyrinchus,VU
Isurus,paucus,VU
Lamiopsis,temminckii,EN
Lamna,ditropis,LC
Lamna,nasus,VU
Leptocharias,smithii,NT
Leucoraja,circularis,EN
Leucoraja,compagnoi,DD
Leucoraja,erinacea,NT
Leucoraja,fullonica,VU
Leucoraja,garmani,LC
Leucoraja,lentiginosa,DD
Leucoraja,leucosticta,DD
Leucoraja,melitensis,CR
Leucoraja,naevus,LC
Leucoraja,ocellata,EN
Leucoraja,pristispina,LC
Leucoraja,wallacei,LC
Leucoraja,yucatanensis,DD
Loxodon,macrorhinus,LC
Maculabatis,astra,LC
Maculabatis,gerrardi,VU
Maculabatis,pastinacoides,VU
Maculabatis,toshi,LC
Makararaja,chindwinensis,DD
Malacoraja,kreffti,LC
Malacoraja,obscura,DD
Malacoraja,senta,EN
Malacoraja,spinacidermis,LC
Manta,alfredi,VU
Manta,birostris,VU
Megachasma,pelagios,LC
Megatrygon,microps,DD
Miroscyllium,sheikoi,DD
Mitsukurina,owstoni,LC
Mobula,eregoodootenkee,NT
Mobula,hypostoma,DD
Mobula,japanica,NT
Mobula,kuhlii,DD
Mobula,mobular,EN
Mobula,munkiana,NT
Mobula,rochebrunei,VU
Mobula,tarapacana,VU
Mobula,thurstoni,NT
Mollisquama,parini,DD
Mustelus,albipinnis,DD
Mustelus,antarcticus,LC
Mustelus,asterias,LC
Mustelus,californicus,LC
Mustelus,canis,NT
Mustelus,dorsalis,DD
Mustelus,fasciatus,CR
Mustelus,griseus,DD
Mustelus,henlei,LC
Mustelus,higmani,LC
Mustelus,lenticulatus,LC
Mustelus,lunulatus,LC
Mustelus,manazo,DD
Mustelus,mento,NT
Mustelus,minicanis,DD
Mustelus,mosis,DD
Mustelus,mustelus,VU
Mustelus,norrisi,DD
Mustelus,palumbes,DD
Mustelus,punctulatus,DD
Mustelus,ravidus,LC
Mustelus,schmitti,EN
Mustelus,sinusmexicanus,DD
Mustelus,stevensi,LC
Mustelus,walkeri,DD
Mustelus,whitneyi,VU
Mustelus,widodoi,DD
Myliobatis,aquila,DD
Myliobatis,californicus,LC
Myliobatis,chilensis,DD
Myliobatis,freminvillii,DD
Myliobatis,goodei,DD
Myliobatis,hamlyni,NT
Myliobatis,longirostris,NT
Myliobatis,peruvianus,DD
Myliobatis,tenuicaudatus,LC
Myliobatis,tobijei,DD
Narcine,atzi,DD
Narcine,bancroftii,CR
Narcine,brasiliensis,DD
Narcine,brevilabiata,VU
Narcine,entemedor,DD
Narcine,insolita,DD
Narcine,lasti,LC
Narcine,leoparda,NT
Narcine,lingula,DD
Narcine,maculata,DD
Narcine,nelsoni,LC
Narcine,oculifera,DD
Narcine,ornata,LC
Narcine,prodorsalis,DD
Narcine,rierai,DD
Narcine,tasmaniensis,LC
Narcine,timlei,DD
Narcine,vermiculatus,NT
Narcine,westraliensis,LC
Narke,capensis,DD
Narke,dipterygia,DD
Narke,japonica,VU
Nasolamia,velox,DD
Nebrius,ferrugineus,VU
Negaprion,acutidens,VU
Negaprion,brevirostris,NT
Neoharriotta,carri,DD
Neoharriotta,pinnata,DD
Neoharriotta,pumila,DD
Neoraja,africana,DD
Neoraja,caerulea,LC
Neoraja,carolinensis,DD
Neoraja,iberica,LC
Neoraja,stehmanni,DD
Neotrygon,annotata,NT
Neotrygon,kuhlii,DD
Neotrygon,leylandi,LC
Neotrygon,ningalooensis,DD
Neotrygon,picta,LC
Notoraja,azurea,LC
Notoraja,hirticauda,DD
Notoraja,lira,LC
Notoraja,ochroderma,DD
Notoraja,sapphira,DD
Notoraja,sticta,LC
Notoraja,tobitukai,DD
Notorynchus,cepedianus,DD
Odontaspis,ferox,VU
Odontaspis,noronhai,DD
Okamejei,acutispina,DD
Okamejei,arafurensis,LC
Okamejei,boesemani,DD
Okamejei,heemstrai,DD
Okamejei,hollandi,DD
Okamejei,kenojei,DD
Okamejei,leptoura,LC
Okamejei,meerdervoortii,DD
Okamejei,mengae,DD
Okamejei,philipi,DD
Okamejei,powelli,DD
Okamejei,schmidti,DD
Orectolobus,floridus,LC
Orectolobus,halei,LC
Orectolobus,hutchinsi,LC
Orectolobus,japonicus,DD
Orectolobus,maculatus,LC
Orectolobus,ornatus,LC
Orectolobus,parvimaculatus,LC
Orectolobus,reticulatus,DD
Orectolobus,wardi,LC
Oxynotus,bruniensis,DD
Oxynotus,caribbaeus,DD
Oxynotus,centrina,VU
Oxynotus,japonicus,DD
Oxynotus,paradoxus,DD
Paragaleus,leucolomatus,DD
Paragaleus,pectoralis,DD
Paragaleus,randalli,NT
Paragaleus,tengi,DD
Parascyllium,collare,LC
Parascyllium,elongatum,DD
Parascyllium,ferrugineum,LC
Parascyllium,sparsimaculatum,DD
Parascyllium,variolatum,LC
Paratrygon,ajereba,DD
Parmaturus,albimarginatus,DD
Parmaturus,albipenis,DD
Parmaturus,bigus,DD
Parmaturus,campechiensis,DD
Parmaturus,lanatus,DD
Parmaturus,macmillani,DD
Parmaturus,melanobranchus,DD
Parmaturus,pilosus,DD
Parmaturus,xaniurus,LC
Pastinachus,ater,LC
Pastinachus,sephen,DD
Pastinachus,solocirostris,EN
Pateobatis,fai,VU
Pateobatis,hortlei,VU
Pateobatis,jenkinsii,VU
Pateobatis,uarnacoides,VU
Pavoraja,alleni,LC
Pavoraja,arenaria,DD
Pavoraja,mosaica,LC
Pavoraja,nitida,LC
Pavoraja,pseudonitida,LC
Pavoraja,umbrosa,LC
Pentanchus,profundicolus,DD
Platyrhina,sinensis,VU
Platyrhinoidis,triseriata,LC
Plesiobatis,daviesi,LC
Plesiotrygon,iwamae,DD
Pliotrema,warreni,NT
Poroderma,africanum,NT
Poroderma,pantherinum,DD
Potamotrygon,brachyura,DD
Potamotrygon,castexi,DD
Potamotrygon,constellata,DD
Potamotrygon,falkneri,DD
Potamotrygon,henlei,LC
Potamotrygon,histrix,DD
Potamotrygon,leopoldi,DD
Potamotrygon,magdalenae,LC
Potamotrygon,marinae,DD
Potamotrygon,motoro,DD
Potamotrygon,ocellata,DD
Potamotrygon,orbignyi,LC
Potamotrygon,schroederi,DD
Potamotrygon,schuemacheri,DD
Potamotrygon,scobina,DD
Potamotrygon,signata,DD
Potamotrygon,tigrina,EN
Potamotrygon,yepezi,DD
Prionace,glauca,NT
Pristiophorus,cirratus,LC
Pristiophorus,delicatus,LC
Pristiophorus,japonicus,DD
Pristiophorus,nudipinnis,LC
Pristiophorus,schroederi,DD
Pristis,clavata,EN
Pristis,pectinata,CR
Pristis,pristis,CR
Pristis,zijsron,CR
Proscyllium,habereri,DD
Proscymnodon,macracanthus,DD
Proscymnodon,plunketi,NT
Psammobatis,bergi,LC
Psammobatis,extenta,LC
Psammobatis,lentiginosa,DD
Psammobatis,normani,DD
Psammobatis,parvacauda,DD
Psammobatis,rudis,DD
Psammobatis,rutrum,DD
Psammobatis,scobina,DD
Pseudobatos,glaucostigmus,DD
Pseudobatos,horkelii,CR
Pseudobatos,lentiginosus,NT
Pseudobatos,leucorhynchus,NT
Pseudobatos,percellens,NT
Pseudobatos,planiceps,DD
Pseudobatos,prahli,DD
Pseudobatos,productus,NT
Pseudocarcharias,kamoharai,NT
Pseudoginglymostoma,brevicaudatum,VU
Pseudoraja,fischeri,DD
Pseudotriakis,microdon,LC
Pteroplatytrygon,violacea,LC
Raja,ackleyi,DD
Raja,asterias,NT
Raja,bahamensis,DD
Raja,brachyura,NT
Raja,cervigoni,NT
Raja,clavata,NT
Raja,cortezensis,DD
Raja,eglanteria,LC
Raja,equatorialis,DD
Raja,herwigi,DD
Raja,inornata,LC
Raja,maderensis,VU
Raja,microocellata,NT
Raja,miraletus,LC
Raja,montagui,LC
Raja,pita,DD
Raja,polystigma,LC
Raja,radula,EN
Raja,rhina,LC
Raja,stellulata,LC
Raja,straeleni,DD
Raja,texana,DD
Raja,undulata,EN
Raja,velezi,DD
Rajella,annandalei,DD
Rajella,barnardi,LC
Rajella,bathyphila,LC
Rajella,bigelowi,LC
Rajella,caudaspinosa,NT
Rajella,challengeri,LC
Rajella,dissimilis,LC
Rajella,eisenhardti,DD
Rajella,fuliginea,LC
Rajella,fyllae,LC
Rajella,kukujevi,LC
Rajella,leopardus,LC
Rajella,lintea,LC
Rajella,nigerrima,LC
Rajella,purpuriventralis,LC
Rajella,ravidula,LC
Rajella,sadowskii,DD
Rhina,ancylostoma,VU
Rhincodon,typus,EN
Rhinobatos,albomaculatus,VU
Rhinobatos,annandalei,DD
Rhinobatos,holcorhynchus,DD
Rhinobatos,hynnicephalus,NT
Rhinobatos,irvinei,VU
Rhinobatos,jimbaranensis,VU
Rhinobatos,lionotus,DD
Rhinobatos,nudidorsalis,NT
Rhinobatos,penggali,VU
Rhinobatos,punctifer,DD
Rhinobatos,rhinobatos,EN
Rhinobatos,sainsburyi,LC
Rhinobatos,schlegelii,DD
Rhinochimaera,africana,DD
Rhinochimaera,atlantica,LC
Rhinochimaera,pacifica,LC
Rhinoptera,bonasus,NT
Rhinoptera,brasiliensis,EN
Rhinoptera,javanica,VU
Rhinoptera,marginata,NT
Rhinoptera,neglecta,DD
Rhinoptera,steindachneri,NT
Rhinoraja,albomaculata,VU
Rhinoraja,kujiensis,LC
Rhinoraja,longicauda,LC
Rhinoraja,macloviana,NT
Rhinoraja,magellanica,DD
Rhinoraja,multispinis,NT
Rhinoraja,murrayi,NT
Rhinoraja,odai,LC
Rhinoraja,taranetzi,LC
Rhizoprionodon,acutus,LC
Rhizoprionodon,lalandii,DD
Rhizoprionodon,longurio,DD
Rhizoprionodon,oligolinx,LC
Rhizoprionodon,porosus,LC
Rhizoprionodon,taylori,LC
Rhizoprionodon,terraenovae,LC
Rhynchobatus,australiae,VU
Rhynchobatus,djiddensis,VU
Rhynchobatus,laevis,VU
Rhynchobatus,luebberti,EN
Rhynchobatus,sp. nov. A,VU
Rhynchobatus,springeri,VU
Rioraja,agassizii,VU
Rostroraja,alba,EN
Schroederichthys,bivius,DD
Schroederichthys,chilensis,DD
Schroederichthys,maculatus,LC
Schroederichthys,saurisqualus,VU
Schroederichthys,tenuis,DD
Scoliodon,laticaudus,NT
Scyliorhinus,besnardi,DD
Scyliorhinus,boa,LC
Scyliorhinus,canicula,LC
Scyliorhinus,capensis,NT
Scyliorhinus,cervigoni,DD
Scyliorhinus,comoroensis,DD
Scyliorhinus,garmani,DD
Scyliorhinus,haeckelii,DD
Scyliorhinus,hesperius,DD
Scyliorhinus,meadi,DD
Scyliorhinus,retifer,LC
Scyliorhinus,stellaris,NT
Scyliorhinus,tokubee,DD
Scyliorhinus,torazame,LC
Scyliorhinus,torrei,LC
Scylliogaleus,quecketti,VU
Scymnodalatias,albicauda,DD
Scymnodalatias,garricki,DD
Scymnodalatias,oligodon,DD
Scymnodalatias,sherwoodi,DD
Scymnodon,ringens,DD
Sinobatis,borneensis,LC
Sinobatis,bulbicauda,LC
Sinobatis,caerulea,DD
Sinobatis,filicauda,DD
Sinobatis,melanosoma,LC
Somniosus,antarcticus,DD
Somniosus,longus,DD
Somniosus,microcephalus,NT
Somniosus,pacificus,DD
Somniosus,rostratus,DD
Sphyrna,corona,NT
Sphyrna,lewini,EN
Sphyrna,media,DD
Sphyrna,mokarran,EN
Sphyrna,tiburo,LC
Sphyrna,tudes,VU
Sphyrna,zygaena,VU
Spiniraja,whitleyi,VU
Squaliolus,aliae,LC
Squaliolus,laticaudus,LC
Squalus,acanthias,VU
Squalus,acutirostris,DD
Squalus,albifrons,DD
Squalus,altipinnis,DD
Squalus,blainville,DD
Squalus,brevirostris,DD
Squalus,bucephalus,DD
Squalus,chloroculus,NT
Squalus,crassispinus,DD
Squalus,cubensis,DD
Squalus,edmundsi,NT
Squalus,grahami,NT
Squalus,griffini,LC
Squalus,hemipinnis,NT
Squalus,japonicus,DD
Squalus,lalannei,DD
Squalus,megalops,DD
Squalus,melanurus,LC
Squalus,mitsukurii,DD
Squalus,montalbani,VU
Squalus,nasutus,DD
Squalus,notocaudatus,DD
Squalus,rancureli,NT
Squalus,raoulensis,LC
Squalus,suckleyi,LC
Squatina,aculeata,CR
Squatina,africana,DD
Squatina,albipunctata,VU
Squatina,argentina,EN
Squatina,armata,DD
Squatina,australis,LC
Squatina,californica,NT
Squatina,dumeril,DD
Squatina,formosa,EN
Squatina,guggenheim,EN
Squatina,japonica,VU
Squatina,legnota,DD
Squatina,nebulosa,VU
Squatina,oculata,CR
Squatina,pseudocellata,LC
Squatina,punctata,EN
Squatina,squatina,CR
Squatina,tergocellata,LC
Squatina,tergocellatoides,VU
Stegostoma,fasciatum,EN
Sutorectus,tentaculatus,LC
Sympterygia,acuta,VU
Sympterygia,bonapartii,DD
Sympterygia,brevicaudata,DD
Sympterygia,lima,DD
Taeniura,lymma,NT
Taeniurops,grabata,DD
Taeniurops,meyeni,VU
Telatrygon,acutirostra,NT
Telatrygon,zugei,NT
Temera,hardwickii,VU
Tetronarce,californica,LC
Tetronarce,fairchildi,DD
Tetronarce,formosa,DD
Tetronarce,macneilli,DD
Tetronarce,nobiliana,DD
Tetronarce,puelcha,DD
Tetronarce,tokionis,DD
Tetronarce,tremens,DD
Torpedo,adenensis,NT
Torpedo,andersoni,DD
Torpedo,bauchotae,DD
Torpedo,fuscomaculata,DD
Torpedo,mackayana,DD
Torpedo,marmorata,DD
Torpedo,microdiscus,DD
Torpedo,panthera,DD
Torpedo,sinuspersici,DD
Torpedo,suessii,DD
Torpedo,torpedo,DD
Triaenodon,obesus,NT
Triakis,acutipinna,EN
Triakis,maculata,VU
Triakis,megalopterus,NT
Triakis,scyllium,LC
Triakis,semifasciata,LC
Trigonognathus,kabeyai,DD
Trygonoptera,galba,DD
Trygonoptera,imitata,NT
Trygonoptera,mucosa,LC
Trygonoptera,ovalis,LC
Trygonoptera,personata,LC
Trygonoptera,testacea,LC
Trygonorrhina,dumerilii,LC
Trygonorrhina,fasciata,LC
Typhlonarke,aysoni,DD
Typhlonarke,tarakea,DD
Urobatis,concentricus,DD
Urobatis,halleri,LC
Urobatis,jamaicensis,LC
Urobatis,maculatus,DD
Urobatis,marmoratus,DD
Urobatis,tumbesensis,DD
Urogymnus,asperrimus,VU
Urogymnus,dalyensis,LC
Urogymnus,granulatus,VU
Urogymnus,lobistomus,VU
Urogymnus,polylepis,EN
Urolophus,armatus,DD
Urolophus,aurantiacus,NT
Urolophus,bucculentus,VU
Urolophus,circularis,LC
Urolophus,cruciatus,LC
Urolophus,deforgesi,LC
Urolophus,expansus,LC
Urolophus,flavomosaicus,LC
Urolophus,gigas,LC
Urolophus,javanicus,CR
Urolophus,kaianus,DD
Urolophus,kapalensis,NT
Urolophus,lobatus,LC
Urolophus,mitosis,LC
Urolophus,neocaledoniensis,LC
Urolophus,orarius,EN
Urolophus,papilio,LC
Urolophus,paucimaculatus,LC
Urolophus,piperatus,LC
Urolophus,sufflavus,VU
Urolophus,viridis,VU
Urolophus,westraliensis,LC
Urotrygon,aspidura,DD
Urotrygon,chilensis,DD
Urotrygon,microphthalmum,LC
Urotrygon,munda,DD
Urotrygon,nana,DD
Urotrygon,reticulata,VU
Urotrygon,rogersi,DD
Urotrygon,simulatrix,VU
Urotrygon,venezuelae,NT
Zameus,ichiharai,DD
Zameus,squamulosus,DD
Zanobatus,schoenleinii,DD
Zapteryx,brevirostris,VU
Zapteryx,exasperata,DD
Zapteryx,xyster,DD
Zearaja,chilensis,VU
Zearaja,maugeana,EN
Zearaja,nasutus,LC
