"Isurus spallanzani","species","Ypresian"
"Alopias vulpinus","species","Ypresian"
"Galeocerdo latidens","species","Ypresian"
"Galeocerdo","genus","Ypresian"
"Galeocerdo","genus","Ypresian"
"Hemipristis","genus","Ypresian"
"Paragaleus","genus","Ypresian"
"Galeorhinus","genus","Ypresian"
"Selachii","unranked clade","Ypresian"
"Rhinobatos","genus","Ypresian"
"Dasyatis rafinesquei","species","Ypresian"
"Dasyatis vicaryi","species","Ypresian"
"Subathunura casieri","species","Ypresian"
"Myliobatis","genus","Ypresian"
"Galeocerdo latidens","species","Ypresian"
"Paraorthacodus conicus","species","Campanian"
"Hexanchus","genus","Campanian"
"Squatina hassei","species","Campanian"
"Pristiophorus","genus","Campanian"
"Squalus","genus","Campanian"
"Centrosqualus","genus","Campanian"
"Cretascymnus","genus","Campanian"
"Cretascymnus","genus","Campanian"
"Squalicorax pristodontus","species","Campanian"
"Squalicorax","genus","Campanian"
"Squalicorax","genus","Campanian"
"Pseudocorax affinis","species","Campanian"
"Scapanorhynchus rhaphiodon","species","Campanian"
"Anomotodon plicatus","species","Campanian"
"Cretolamna appendiculata","species","Campanian"
"Cretolamna biauriculata","species","Campanian"
"Cretolamna","genus","Campanian"
"Heterodontus","genus","Campanian"
"Pteroscyllium","genus","Campanian"
"Scyliorhinus","genus","Campanian"
"Triakidae","family","Campanian"
"Triakidae","family","Campanian"
"Sclerorhynchus","genus","Campanian"
"Rhinobatos","genus","Campanian"
"Rhinobatos","genus","Campanian"
"Rhinobatoidei","suborder","Campanian"
"Rhombodus binkhorsti","species","Campanian"
"Paraorthacodus conicus","species","Campanian"
"Hexanchus","genus","Campanian"
"Squalicorax pristodontus","species","Campanian"
"Squalicorax","genus","Campanian"
"Squalicorax","genus","Campanian"
"Pseudocorax affinis","species","Campanian"
"Anomotodon plicatus","species","Campanian"
"Cretolamna biauriculata","species","Campanian"
"Ginglymostoma","genus","Campanian"
"Rhinobatoidei","suborder","Campanian"
"Hybodontidae","family","Barremian"
"Scapanorhynchus texanus","species","Senonian"
"Scapanorhynchus gigas","species","Senonian"
"Cretolamna appendiculata","species","Senonian"
"Squalicorax pristodontus","species","Senonian"
"Ptychodus","genus","Senonian"
"Pristidae","family","Senonian"
"Lamniformes","order","Late Paleocene"
"Orectolobus","genus","Late Paleocene"
"Ginglymostoma","genus","Late Paleocene"
"Plicatoscyllium","genus","Late Paleocene"
"Scyliorhinidae","family","Late Paleocene"
"Rhinobatos","genus","Late Paleocene"
"Rhinobatoidei","suborder","Late Paleocene"
"Dasyatoidea","superfamily","Late Paleocene"
"Myliobatidae","family","Late Paleocene"
"Polyacrodus","genus","Callovian"
"Polyacrodus","genus","Callovian"
"Polyacrodus","genus","Callovian"
"Polyacrodus","genus","Callovian"
"Isurus","genus","Miocene"
"Glyphis","genus","Miocene"
"Galeocerdo","genus","Miocene"
"Hemipristis serra","species","Miocene"
"Myliobatis","genus","Miocene"
 species not entered","Aetobatus","34721"
"Lonchidion indicus","species","Toarcian"
"Lamna obliqua","species","Ypresian"
"Lamna","genus","Ypresian"
"Lamna","genus","Ypresian"
"Lamna","genus","Ypresian"
 recombined as","Isurus desorii","80594"
"Hemipristis serra","species","Ypresian"
"Galeocerdo latidens","species","Ypresian"
"Sphyrna prisca","species","Ypresian"
"Myliobatis","genus","Ypresian"
"Scoliodon","genus","Lutetian"
"Myliobatis","genus","Lutetian"
"Myliobatis","genus","Lutetian"
"Galeocerdo latidens","species","Middle Eocene"
"Rhinoptera","genus","Middle Eocene"
"Burnhamia","genus","Middle Eocene"
"Myliobatis","genus","Middle Eocene"
"Abdounia","genus","Middle Eocene"
"Physodon","genus","Middle Eocene"
"Aprionodon","genus","Middle Eocene"
"Carcharhinidae","family","Middle Eocene"
"Odontaspis","genus","Middle Eocene"
"Odontaspis","genus","Middle Eocene"
"Striatolamia macrota","species","Middle Eocene"
"Lamiostoma","genus","Middle Eocene"
"Rhinoptera","genus","Middle Eocene"
"Burnhamia","genus","Middle Eocene"
"Myliobatis","genus","Middle Eocene"
"Abdounia","genus","Middle Eocene"
"Physodon","genus","Middle Eocene"
"Aprionodon","genus","Middle Eocene"
"Galeorhinus","genus","Middle Eocene"
"Odontaspis","genus","Middle Eocene"
"Striatolamia macrota","species","Middle Eocene"
"Hypotodus","genus","Middle Eocene"
"Hypotodus","genus","Middle Eocene"
"Carcharodon auriculatus","species","Middle Eocene"
"Macrorhizodus","genus","Middle Eocene"
"Lamiostoma","genus","Middle Eocene"
"Sphyrna","genus","Middle Miocene"
"Sphyrna lewini","species","Middle Miocene"
"Scyliorhinus","genus","Middle Miocene"
"Scoliodon","genus","Middle Miocene"
"Rhizoprionodon","genus","Middle Miocene"
"Alopias","genus","Middle Miocene"
"Pristis aquitanicus","species","Middle Miocene"
"Carcharhinus","genus","Middle Miocene"
"Isurus","genus","Middle Miocene"
"Galeocerdo aduncus","species","Middle Miocene"
"Hypoprion","genus","Middle Miocene"
"Carcharodon hastalis","species","Middle Miocene"
"Isurus","genus","Middle Miocene"
"Pristis aquitanicus","species","Middle Miocene"
"Rhizoprionodon","genus","Middle Miocene"
"Scoliodon","genus","Middle Miocene"
"Scyliorhinus","genus","Middle Miocene"
"Sphyrna lewini","species","Middle Miocene"
"Sphyrna","genus","Middle Miocene"
"Carcharhinus","genus","Middle Miocene"
"Dasyatis","genus","Middle Miocene"
"Scoliodon","genus","Middle Miocene"
"Pristis aquitanicus","species","Middle Miocene"
"Hexanchus","genus","Middle Miocene"
"Carcharocles megalodon","species","Middle Miocene"
"Carchariolamna","genus","Middle Miocene"
"Isurus","genus","Middle Miocene"
"Carcharhinus egertoni","species","Middle Miocene"
"Carcharhinus","genus","Middle Miocene"
"Carcharhinus","genus","Middle Miocene"
"Galeocerdo aduncus","species","Middle Miocene"
"Galeorhinus","genus","Middle Miocene"
"Hypoprion","genus","Middle Miocene"
"Scoliodon","genus","Middle Miocene"
"Pristis aquitanicus","species","Middle Miocene"
"Dasyatis","genus","Middle Miocene"
"Rhinoptera raeburni","species","Middle Miocene"
"Aetobatis irregularis","species","Middle Miocene"
"Carcharhinus","genus","Middle Miocene"
"Hypoprion","genus","Middle Miocene"
"Scoliodon","genus","Middle Miocene"
"Sphyrna lewini","species","Middle Miocene"
"Pristis aquitanicus","species","Middle Miocene"
"Myliobatis","genus","Middle Miocene"
"Hemipristis serra","species","Early Miocene"
"Carcharhinus priscus","species","Early Miocene"
"Carcharhinus plumbeus","species","Early Miocene"
"Scoliodon","genus","Early Miocene"
"Negaprion eurybathrodon","species","Early Miocene"
"Sphyrna","genus","Early Miocene"
"Myliobatis","genus","Early Miocene"
"Aetobatus arcuatus","species","Early Miocene"
"Rhinoptera","genus","Early Miocene"
"Galeocerdo aduncus","species","Early Miocene"
"Elasmobranchii","subclass","Middle Jurassic"
"Palaeobates","genus","Oxfordian"
"Dasyatis","genus","Early Miocene"
"Hybodus","genus","Tithonian"
"Myliobatis","genus","Early Miocene"
"Ctenacanthus","genus","Changhsingian"
"Carcharodon hastalis","species","Calabrian"
"Carcharodon carcharias","species","Calabrian"
"Carchariolamna","genus","Burdigalian"
"Hypoprion","genus","Burdigalian"
"Lonchidion indicus","species","Sinemurian"
"Carcharodon hastalis","species","Late Miocene"
"Isurus","genus","Late Miocene"
"Isurus","genus","Late Miocene"
"Carcharhinus priscus","species","Late Miocene"
"Pristis","genus","Late Miocene"
"Carcharhinus","genus","Late Miocene"
"Galeocerdo aduncus","species","Late Miocene"
"Carcharodon hastalis","species","Late Miocene"
"Carcharhinus","genus","Late Miocene"
"Carcharhinus","genus","Early Miocene"
"Galeocerdo aduncus","species","Early Miocene"
"Isurus","genus","Late Miocene"
"Carcharhinus priscus","species","Late Miocene"
"Carcharocles megalodon","species","Late Miocene"
"Carcharodon hastalis","species","Late Miocene"
"Isurus","genus","Late Miocene"
"Carcharhinus","genus","Middle Miocene"
"Carcharhinus","genus","Late Miocene"
"Hexanchus","genus","Middle Miocene"
"Carcharhinus","genus","Middle Miocene"
"Odontaspis","genus","Middle Miocene"
"Carcharhinus","genus","Middle Miocene"
 obsolete variant of","Myliobatis","34741"
"Myliobatis","genus","Middle Miocene"
"Isurus","genus","Late Miocene"
"Isurus","genus","Late Miocene"
"Heteroptychodus","genus","Valanginian"
"Carcharodon","genus","Late Miocene"
"Isurus","genus","Late Miocene"
"Carcharhinus","genus","Late Miocene"
"Dalatias","genus","Late Miocene"
"Carcharocles megalodon","species","Langhian"
"Carcharodon hastalis","species","Langhian"
"Miosynechodus mora","species","Miocene"
"Isurus","genus","Miocene"
"Galeolamna","genus","Miocene"
"Galeolamna","genus","Miocene"
"Galeolamna","genus","Miocene"
"Hemipristis serra","species","Miocene"
"Galeocerdo","genus","Miocene"
"Trygon sinhaleyus","species","Miocene"
"Myliobatis","genus","Miocene"
 species not entered","Aetobatus","34721"
 species not entered","Chrysophris","68429"
"Odontaspis","genus","Zanclean"
"Isurus desori","species","Middle Miocene"
"Isurus","genus","Middle Miocene"
"Carcharocles megalodon","species","Middle Miocene"
"Dasyatidae","family","Maastrichtian"
"Glickmanodus rarus","species","Late Albian"
"Polyacrodus","genus","Late Albian"
"Polyacrodus","genus","Late Albian"
"Carcharocles megalodon","species","Serravallian"
"Myledaphus","genus","Early Turonian"
"Igdabatis","genus","Maastrichtian"
"Rhinoptera","genus","Maastrichtian"
"Hybodontidae","family","Callovian"
"Hybodus huangnidanensis","species","Oxfordian"
"Jiaodontus","genus","Oxfordian"
"Eostegostoma","genus","Late Santonian"
"Cantioscyllium","genus","Late Santonian"
"Scapanorhynchus texanus","species","Late Santonian"
"Cretolamna appendiculata","species","Late Santonian"
"Cretoxyrhina mantelli","species","Late Santonian"
"Squalicorax kaupi","species","Late Santonian"
"Rhynchobatus","genus","Late Santonian"
"Rhinobatos casieri","species","Late Santonian"
"Rhinobatos","genus","Late Santonian"
"Parapalaeobates pygmaeus","species","Late Santonian"
"Pseudohypolophus","genus","Late Santonian"
"Sclerorhynchus","genus","Late Santonian"
"Squalus","genus","Middle Eocene"
"Isistius","genus","Middle Eocene"
"Squatina prima","species","Middle Eocene"
"Heterodontus","genus","Middle Eocene"
"Palaeorhincodon","genus","Middle Eocene"
"Jaekelotodus","genus","Middle Eocene"
"Odontaspis winkleri","species","Middle Eocene"
"Striatolamia macrota","species","Middle Eocene"
"Carcharias","genus","Middle Eocene"
"Isurus praecursor","species","Middle Eocene"
"Notorhynchus","genus","Middle Eocene"
"Cretolamna","genus","Middle Eocene"
"Carcharocles","genus","Middle Eocene"
"Scyliorhinus","genus","Middle Eocene"
"Galeorhinus","genus","Middle Eocene"
"Abdounia","genus","Middle Eocene"
"Abdounia","genus","Middle Eocene"
"Abdounia","genus","Middle Eocene"
"Galeocerdo latidens","species","Middle Eocene"
"Physogaleus","genus","Middle Eocene"
"Rhizoprionodon","genus","Middle Eocene"
"Rhinobatos steurbauti","species","Middle Eocene"
"Dasyatis","genus","Middle Eocene"
"Hypolophodon","genus","Middle Eocene"
"Glikmania","genus","Middle Eocene"
"Pristis","genus","Middle Eocene"
"Anoxypristis","genus","Middle Eocene"
"Coupatezia woutersi","species","Middle Eocene"
"Aetobatis irregularis","species","Middle Eocene"
"Aktaua","genus","Middle Eocene"
"Myliobatis","genus","Middle Eocene"
"Rhinoptera","genus","Middle Eocene"
"Archaeomanta melenhorsti","species","Middle Eocene"
"Burnhamia daviesi","species","Middle Eocene"
"Hybodus","genus","Anisian"
"Hybodus","genus","Illyrian"
"Acrodus levis","species","Early Cenomanian"
"Hybodontoidea","superfamily","Early Cenomanian"
"Orectolobiformes","order","Maastrichtian"
"Cretolamna","genus","Maastrichtian"
"Dasyatidae","family","Maastrichtian"
"Rhombodus binkhorsti","species","Maastrichtian"
"Hemiscyllium","genus","Maastrichtian"
"Cretolamna","genus","Maastrichtian"
"Rhinobatos","genus","Maastrichtian"
"Dasyatidae","family","Maastrichtian"
"Plicatoscyllium","genus","Early Maastrichtian"
"Cretolamna biauriculata","species","Early Maastrichtian"
"Squalicorax","genus","Early Maastrichtian"
"Carcharias","genus","Early Maastrichtian"
"Lamniformes","order","Early Maastrichtian"
"Dalpiazia stromeri","species","Early Maastrichtian"
"Rhombodus binkhorsti","species","Early Maastrichtian"
"Dasyatidae","family","Early Maastrichtian"
"Hemiscyllium","genus","Early Maastrichtian"
"Plicatoscyllium","genus","Early Maastrichtian"
"Odontaspididae","family","Early Maastrichtian"
"Lamnidae","family","Early Maastrichtian"
"Cretolamna","genus","Early Maastrichtian"
"Squalicorax","genus","Early Maastrichtian"
"Rhinobatos","genus","Early Maastrichtian"
"Parapalaeobates","genus","Early Maastrichtian"
"Dalpiazia stromeri","species","Early Maastrichtian"
"Rhombodus binkhorsti","species","Early Maastrichtian"
"Dasyatoidea","superfamily","Early Maastrichtian"
"Plicatoscyllium","genus","Late Campanian"
"Pteroscyllium","genus","Late Campanian"
"Scyliorhinus","genus","Late Campanian"
"Youssoubatis","genus","Late Campanian"
"Hexanchus","genus","Early Eocene"
"Heptranchias","genus","Early Eocene"
"Mitsukurina","genus","Early Eocene"
"Weltonia","genus","Early Eocene"
"Pristiophorus","genus","Early Eocene"
"Odontaspididae","family","Early Eocene"
"Pseudocarcharias","genus","Early Eocene"
"Megascyliorhinus","genus","Early Eocene"
"Dasyatis","genus","Early Eocene"
"Hexanchus","genus","Priabonian"
"Heptranchias","genus","Priabonian"
"Centrophorus","genus","Priabonian"
"Pristiophorus","genus","Priabonian"
"Brachaelurus","genus","Priabonian"
"Pararhincodon","genus","Priabonian"
"Carcharias","genus","Priabonian"
"Isurus","genus","Priabonian"
"Carcharocles","genus","Priabonian"
"Alopias","genus","Priabonian"
"Xiphodolamia","genus","Priabonian"
"Scyliorhinus","genus","Priabonian"
"Physogaleus","genus","Priabonian"
"Galeocerdo","genus","Priabonian"
"Carcharhinus","genus","Priabonian"
"Rhizoprionodon","genus","Priabonian"
"Hemipristis","genus","Priabonian"
"Hemigaleidae","family","Priabonian"
"Triakis","genus","Priabonian"
"Rhynchobatus","genus","Priabonian"
"Rhinobatos","genus","Priabonian"
"Dasyatis","genus","Priabonian"
"Gymnura","genus","Priabonian"
"Myliobatis","genus","Priabonian"
"Torpedo","genus","Priabonian"
"Carcharias","genus","Lutetian"
"Galeorhinus","genus","Lutetian"
"Abdounia","genus","Lutetian"
"Rhizoprionodon","genus","Lutetian"
"Scyliorhinus","genus","Lutetian"
"Rhinobatos","genus","Lutetian"
"Archaeomanta","genus","Lutetian"
"Burnhamia","genus","Lutetian"
"Merabatis","genus","Lutetian"
"Dasyatis","genus","Maastrichtian"
"Rhombodus","genus","Maastrichtian"
"Galeorhinus","genus","Ypresian"
"Dasyatis","genus","Ypresian"
"Myliobatis","genus","Ypresian"
"Carcharocles megalodon","species","Tortonian"
"Negaprion","genus","Middle Miocene"
"Sphyrna","genus","Middle Miocene"
"Scoliodon","genus","Middle Miocene"
"Carcharodon carcharias","species","Middle Miocene"
"Galeocerdo","genus","Early Miocene"
"Isurus","genus","Early Miocene"
"Myliobatis","genus","Early Miocene"
"Carcharodon","genus","Early Miocene"
"Igdabatis","genus","Maastrichtian"
"Polyacrodus","genus","Toarcian"
"Myliobatis","genus","Lutetian"
"Carcharhinus","genus","Lutetian"
"Galeorhinus","genus","Lutetian"
"Isurus","genus","Lutetian"
"Igdabatis indicus","species","Maastrichtian"
"Carcharodon","genus","Early Pleistocene"
"Carcharodon carcharias","species","Early Pleistocene"
"Odontaspis cuspidata","species","Early Pleistocene"
"Carcharodon hastalis","species","Early Pleistocene"
"Nebrius","genus","Burdigalian"
"Hemipristis serra","species","Burdigalian"
"Galeocerdo","genus","Burdigalian"
"Carchariniformes","order","Burdigalian"
"Carcharhinus priscus","species","Burdigalian"
"Carcharhinus","genus","Burdigalian"
"Carcharhinus","genus","Burdigalian"
"Isogomphodon","genus","Burdigalian"
"Rhynchobatus","genus","Burdigalian"
"Pristis","genus","Burdigalian"
"Dasyatis","genus","Burdigalian"
"Pteromylaeus","genus","Burdigalian"
"Myliobatis","genus","Burdigalian"
"Aetobatus","genus","Burdigalian"
"Rhinoptera","genus","Burdigalian"
"Mobula","genus","Burdigalian"
"Carcharodon carcharias","species","Middle Miocene"
"Isurus","genus","Middle Miocene"
"Negaprion","genus","Early Miocene"
"Sphyrna","genus","Early Miocene"
"Carcharodon carcharias","species","Early Miocene"
"Isurus","genus","Early Miocene"
"Dasyatis","genus","Early Miocene"
"Hybodus","genus","Tithonian"
"Lissodus","genus","Tithonian"
"Heteroptychodus","genus","Tithonian"
"Heteroptychodus steinmanni","species","Barremian"
"Cretolamna","genus","Eocene"
"Nebrius","genus","Eocene"
"Negaprion eurybathrodon","species","Eocene"
"Carcharhinus","genus","Eocene"
"Rhizoprionodon","genus","Eocene"
"Dasyatis charlisae","species","Eocene"
"Rhinoptera","genus","Eocene"
"Myliobatis","genus","Eocene"
"Odontorhytis pappenheimi","species","Eocene"
"Carcharodon turgidus","species","Chattian"
"Hybodus","genus","Middle Jurassic"
"Polyacrodus","genus","Middle Jurassic"
"Hubeiodus ziguiensis","species","Middle Jurassic"
"Polyacrodus parvidens","species","Middle Jurassic"
"Hybodus","genus","Middle Jurassic"
"Parvodus","genus","Middle Jurassic"
"Polyacrodus","genus","Middle Jurassic"
"Hubeiodus ziguiensis","species","Middle Jurassic"
"Carcharhinus","genus","Early Miocene"
"Galeocerdo","genus","Early Miocene"
"Hemipristis serra","species","Early Miocene"
"Hypoprion","genus","Early Miocene"
"Isurus","genus","Early Miocene"
"Isurus","genus","Early Miocene"
"Carcharocles megalodon","species","Early Miocene"
"Alopias","genus","Early Miocene"
"Sphyrna","genus","Early Miocene"
"Carcharias","genus","Early Miocene"
"Carcharhinus","genus","Zanclean"
"Scoliodon","genus","Zanclean"
"Isurus","genus","Zanclean"
"Isurus","genus","Zanclean"
"Myliobatis","genus","Zanclean"
"Aetobatus","genus","Zanclean"
"Carcharhinus","genus","Early Miocene"
"Hypoprion","genus","Early Miocene"
"Scoliodon","genus","Early Miocene"
"Isurus","genus","Early Miocene"
"Isurus","genus","Early Miocene"
"Isurus","genus","Early Miocene"
"Carcharocles megalodon","species","Early Miocene"
"Carcharodon carcharias","species","Early Miocene"
"Carcharodon","genus","Early Miocene"
"Carcharias","genus","Early Miocene"
"Carchariolamna","genus","Early Miocene"
"Myliobatis","genus","Early Miocene"
 obsolete variant of","Aetobatus","34721"
"Raja","genus","Early Miocene"
"Mobula","genus","Early Miocene"
"Cretolamna","genus","Late Cretaceous"
"Orthacanthus","genus","Late Cretaceous"
"Raja","genus","Early Miocene"
"Myliobatis","genus","Early Miocene"
"Myliobatis","genus","Early Miocene"
"Aetobatus","genus","Early Miocene"
"Prionodon","genus","Zanclean"
"Aprionodon","genus","Zanclean"
"Hybodontidae","family","Roadian"
"Cladodus","genus","Moscovian"
"Cladodus","genus","Moscovian"
"Cladodus","genus","Moscovian"
"Cladodus","genus","Moscovian"
"Glikmanius occidentalis","species","Roadian"
"Glikmanius occidentalis","species","Roadian"
"Petrodus","genus","Roadian"
"Petrodus","genus","Roadian"
"Manberodus fortis","species","Early Frasnian"
"Phoebodus latus","species","Early Frasnian"
"Manberodus fortis","species","Early Frasnian"
"Phoebodus latus","species","Early Frasnian"
"Subathunura casieri","species","Ypresian"
"Dasyatis rafinesquei","species","Ypresian"
"Subathunura casieri","species","Ypresian"
"Dasyatis rafinesquei","species","Ypresian"
"Squatina","genus","Late Paleocene"
"Ginglymostoma","genus","Late Paleocene"
"Dasyatis","genus","Late Paleocene"
"Gymnura","genus","Late Paleocene"
"Subathunura casieri","species","Late Paleocene"
"Myliobatis","genus","Late Paleocene"
"Myliobatidae","family","Late Paleocene"
"Dasyatis vicaryi","species","Ypresian"
"Onchopristis","genus","Cretaceous"
"Ptychodus mahakalensis","species","Cretaceous"
"Sclerorhynchus atavus","species","Santonian"
"Rhinobatos grandis","species","Cenomanian"
"Rhinobatos hakelensis","species","Cenomanian"
"Rhinobatos intermedius","species","Santonian"
"Rhinobatos latus","species","Santonian"
"Rhinobatos","genus","Cenomanian"
"Rhinobatos primarmatus","species","Santonian"
"Rhinobatos tenuirostris","species","Santonian"
"Rhinobatos whitfieldi","species","Cenomanian"
"Rhombopterygia rajoides","species","Cenomanian"
"Raja davisi","species","Santonian"
"Raja expansa","species","Cenomanian"
"Cyclobatis major","species","Cenomanian"
"Cyclobatis major","species","Cenomanian"
"Cyclobatis oligodactylus","species","Cenomanian"
"Cyclobatis oligodactylus","species","Cenomanian"
"Cyclobatis tuberculatus","species","Cenomanian"
"Plicatolamna","genus","Cenomanian"
"Mesiteia emiliae","species","Cenomanian"
"Pararhincodon","genus","Cenomanian"
"Scyliorhinus","genus","Cenomanian"
"Plicatolamna","genus","Cenomanian"
"Scyliorhinus","genus","Cenomanian"
"Hexanchus","genus","Santonian"
"Hexanchus","genus","Santonian"
"Pristiophorus","genus","Santonian"
"Cretascymnus","genus","Santonian"
"Squalus latidens","species","Santonian"
"Centrosqualus","genus","Santonian"
"Anomotodon plicatus","species","Santonian"
"Scapanorhynchus lewisii","species","Santonian"
"Scapanorhynchus","genus","Santonian"
"Acanthoscyllium","genus","Santonian"
"Almascyllium","genus","Santonian"
"Scyliorhinus","genus","Santonian"
"Pteroscyllium","genus","Santonian"
"Pteroscyllium signeuxi","species","Santonian"
"Paratriakis","genus","Santonian"
"Acrodus","genus","Aptian"
"Igdabatis","genus","Late Maastrichtian"
"Elasmobranchii","subclass","Early Pleistocene"
"Elasmobranchii","subclass","Late Pliocene"
"Elasmobranchii","subclass","Late Pliocene"
"Selachii","unranked clade","Middle Eocene"
"Dasyatis","genus","Middle Eocene"
"Acrodus","genus","Anisian"
"Hybodontidae","family","Barremian"
"Lamna","genus","Neogene"
"Lamna","genus","Neogene"
"Jiaodontus vedenemus","species","Oxfordian"
"Xenacanthus indicus","species","Carnian"
"Lamna","genus","Late Pleistocene"
"Protosqualus","genus","Albian"
"Gladioserratus magnus","species","Albian"
"Notidanodon","genus","Albian"
"Cretalamna","genus","Albian"
"Dwardius sudindicus","species","Albian"
"Eostriatolamia","genus","Albian"
"Squalicorax","genus","Albian"
"Cretodus","genus","Albian"
"Neoselachii","unranked clade","Tortonian"
"Ctenacanthus","genus","Changhsingian"
"Ctenacanthus","genus","Changhsingian"
"Hybodus","genus","Barremian"
"Isanodus paladeji","species","Barremian"
"Heteroptychodus kokutensis","species","Barremian"
"Lamna","genus","Rupelian"
"Hexanchus","genus","Late Campanian"
"Squalicorax pristodontus","species","Late Campanian"
"Squalicorax","genus","Late Campanian"
"Squalicorax","genus","Late Campanian"
"Cretolamna biauriculata","species","Late Campanian"
"Anomotodon plicatus","species","Late Campanian"
"Anomotodon","genus","Late Campanian"
"Hexanchus","genus","Late Campanian"
"Scapanorhynchus rapax","species","Late Campanian"
"Squalicorax","genus","Late Campanian"
"Squalicorax pristodontus","species","Late Campanian"
"Squalicorax","genus","Late Campanian"
"Squalicorax","genus","Late Campanian"
"Squalicorax","genus","Late Campanian"
"Cretolamna biauriculata","species","Late Campanian"
"Cretolamna","genus","Late Campanian"
"Cretolamna appendiculata","species","Late Campanian"
"Carcharias","genus","Late Campanian"
"Anomotodon plicatus","species","Late Campanian"
"Plicatoscyllium","genus","Late Campanian"
"Pteroscyllium","genus","Late Campanian"
"Hypsobatis","genus","Late Campanian"
"Youssoubatis","genus","Late Campanian"
"Rhinobatos","genus","Late Campanian"
"Rhombodus meridionalis","species","Late Campanian"
"Myliobatiformes","order","Late Campanian"
"Hexanchus","genus","Late Campanian"
"Squalicorax pristodontus","species","Late Campanian"
"Squalicorax kaupi","species","Late Campanian"
"Carcharias","genus","Late Campanian"
"Anomotodon plicatus","species","Late Campanian"
"Plicatoscyllium","genus","Late Campanian"
"Pteroscyllium","genus","Late Campanian"
"Hypsobatis","genus","Late Campanian"
"Youssoubatis","genus","Late Campanian"
"Rhinobatos","genus","Late Campanian"
"Rhombodus meridionalis","species","Late Campanian"
"Scapanorhynchus rapax","species","Late Campanian"
"Squalicorax","genus","Late Campanian"
"Squalicorax pristodontus","species","Late Campanian"
"Squalicorax","genus","Late Campanian"
"Cretolamna","genus","Late Campanian"
"Carcharias","genus","Late Campanian"
"Plicatoscyllium","genus","Late Campanian"
"Dalpiazia stromeri","species","Late Campanian"
"Parapalaeobates atlanticus","species","Late Campanian"
"Hypsobatis","genus","Late Campanian"
"Youssoubatis","genus","Late Campanian"
"Hamrabatis","genus","Late Campanian"
"Rhinobatos","genus","Late Campanian"
"Erguitaia","genus","Late Campanian"
"Coupatezia","genus","Late Campanian"
"Rhombodus meridionalis","species","Late Campanian"
"Myliobatiformes","order","Late Campanian"
"Scapanorhynchus rapax","species","Late Campanian"
"Squalicorax","genus","Late Campanian"
"Squalicorax pristodontus","species","Late Campanian"
"Squalicorax kaupi","species","Late Campanian"
"Squalicorax","genus","Late Campanian"
"Cretolamna","genus","Late Campanian"
"Carcharias","genus","Late Campanian"
"Plicatoscyllium","genus","Late Campanian"
"Squatigaleus","genus","Late Campanian"
"Dalpiazia stromeri","species","Late Campanian"
"Parapalaeobates atlanticus","species","Late Campanian"
"Hypsobatis","genus","Late Campanian"
"Youssoubatis","genus","Late Campanian"
"Hamrabatis","genus","Late Campanian"
"Rhinobatos","genus","Late Campanian"
"Erguitaia","genus","Late Campanian"
"Coupatezia","genus","Late Campanian"
"Rhombodus","genus","Late Campanian"
"Myliobatiformes","order","Late Campanian"
"Scapanorhynchus rapax","species","Late Campanian"
"Squalicorax pristodontus","species","Late Campanian"
"Squalicorax kaupi","species","Late Campanian"
"Squalicorax","genus","Late Campanian"
"Squalicorax","genus","Late Campanian"
"Cretolamna biauriculata","species","Late Campanian"
"Cretolamna","genus","Late Campanian"
"Carcharias","genus","Late Campanian"
"Chiloscyllium","genus","Late Campanian"
"Plicatoscyllium","genus","Late Campanian"
"Parapalaeobates atlanticus","species","Late Campanian"
"Hypsobatis","genus","Late Campanian"
"Youssoubatis","genus","Late Campanian"
"Rhinobatos","genus","Late Campanian"
"Erguitaia","genus","Late Campanian"
"Rhombodus meridionalis","species","Late Campanian"
"Myliobatiformes","order","Late Campanian"
"Squalicorax","genus","Late Campanian"
"Squalicorax pristodontus","species","Late Campanian"
"Squalicorax kaupi","species","Late Campanian"
"Squalicorax","genus","Late Campanian"
"Cretolamna biauriculata","species","Late Campanian"
"Cretolamna","genus","Late Campanian"
"Cretolamna appendiculata","species","Late Campanian"
"Carcharias","genus","Late Campanian"
"Chiloscyllium","genus","Late Campanian"
"Plicatoscyllium","genus","Late Campanian"
"Squatigaleus","genus","Late Campanian"
"Dalpiazia stromeri","species","Late Campanian"
"Parapalaeobates atlanticus","species","Late Campanian"
"Hypsobatis","genus","Late Campanian"
"Youssoubatis","genus","Late Campanian"
"Erguitaia","genus","Late Campanian"
"Coupatezia","genus","Late Campanian"
"Rhombodus meridionalis","species","Late Campanian"
"Rhombodus","genus","Late Campanian"
"Myliobatiformes","order","Late Campanian"
"Scapanorhynchus rapax","species","Late Campanian"
"Squalicorax pristodontus","species","Late Campanian"
"Squalicorax kaupi","species","Late Campanian"
"Parapalaeobates atlanticus","species","Late Campanian"
"Rhombodus","genus","Late Campanian"
"Squalicorax","genus","Late Campanian"
"Glikmanius occidentalis","species","Wordian"
"Lissodus","genus","Wordian"
"Hybodontoidea","superfamily","Wordian"
"Squalicorax dalinkevichiusi","species","Late Albian"
"Paraisurus","genus","Late Albian"
"Batoidea","unranked clade","Late Albian"
"Parapalaeobates","genus","Coniacian"
"Scapanorhynchus","genus","Maastrichtian"
"Cretolamna biauriculata","species","Maastrichtian"
"Squalicorax","genus","Maastrichtian"
"Plicatoscyllium","genus","Maastrichtian"
"Hybodus","genus","Early Cenomanian"
"Myledaphus","genus","Middle Turonian"
"Hybodus antingensis","species","Cretaceous"
"Elasmobranchii","subclass","Early Maastrichtian"
"Hybodontidae","family","Changhsingian"
"Hybodontidae","family","Changhsingian"
"Hybodus","genus","Aegean"
"Acrodus","genus","Carnian"
"Asteracanthus","genus","Hettangian"
"Ctenacanthidae","family","Changhsingian"
"Hybodontidae","family","Changhsingian"
"Meishanselache liui","species","Changhsingian"
"Neoselachii","unranked clade","Changhsingian"
"Polyacrodus jiangxiensis","species","Changhsingian"
"Lissodus xiushuiensis","species","Changhsingian"
"Sinacrodus donglingensis","species","Changhsingian"
"Sinacrodus donglingensis","species","Changhsingian"
"Bransonella","genus","Tournaisian"
"Hybodontidae","family","Visean"
"Stethacanthus gansuensis","species","Serpukhovian"
"Stethacanthus altonensis","species","Serpukhovian"
"Denaea","genus","Serpukhovian"
"Hybodus zuodengensis","species","Spathian"
"Hybodus yohi","species","Spathian"
"Polyacrodus tiandongensis","species","Spathian"
"Paleospinacidae","family","Dienerian"
"Omanoselache contrarius","species","Ladinian"
"Minuticorona","genus","Ladinian"
"Omanoselache contrarius","species","Tuvalian"
"Omanoselache contrarius","species","Pelsonian"
"Parvodus","genus","Pelsonian"
"Neoselachii","unranked clade","Carnian"
"Minuticorona","genus","Carnian"
"Arctacanthus exiguus","species","Carnian"
"Arctacanthus","genus","Carnian"
"Arctacanthus","genus","Carnian"
"Arctacanthus","genus","Carnian"
"Squalicorax falcatus","species","Cenomanian"
"Cyclobatis oligodactylus","species","Cenomanian"
"Carcharocles megalodon","species","Chattian"
"Odontaspis","genus","Chattian"
"Serratocorona halberdiforme","species","Julian"
"Fragilicorona paralabritricuspis","species","Julian"
"Ornathiliabrilance","genus","Julian"
"Fragilicorona paralabritricuspis","species","Julian"
"Glabrisubcorona","genus","Julian"
"Fragilicorona paralabritricuspis","species","Julian"
"Carinasubcorona bamaolinense","species","Julian"
"Hybodontidae","family","Julian"
"Parvicorona dacrysulca","species","Julian"
"Annulicorona pyramidalis","species","Julian"
"Sacrisubcorona circabasis","species","Julian"
"Glabrisubcorona arduidevexa","species","Julian"
"Lobaticorona floriditurris","species","Julian"
"Parvicorona dacrysulca","species","Julian"
"Annulicorona pyramidalis","species","Julian"
"Parvicorona dacrysulca","species","Julian"
"Labrilancea glabrisubcuspis","species","Julian"
"Gansuselache","genus","Wuchiapingian"
"Acrodus","genus","Roadian"
"Hexanchidae","family","Wordian"
"Polyacrodus minimus","species","Olenekian"
"Hybodontidae","family","Ladinian"
"Asteracanthus somaensis","species","Oxfordian"
"Hybodus","genus","Callovian"
"Hybodontidae","family","Callovian"
"Acrodus","genus","Wuchiapingian"
"Polyacrodus","genus","Wuchiapingian"
"Asteracanthus","genus","Wuchiapingian"
"Euselachii","infraclass","Wuchiapingian"
"Acrodus","genus","Changhsingian"
"Polyacrodus","genus","Changhsingian"
"Hybodontidae","family","Middle Jurassic"
"Hybodus","genus","Berriasian"
"Lonchidion khoratensis","species","Berriasian"
"Isanodus paladeji","species","Berriasian"
"Parvodus","genus","Berriasian"
"Heteroptychodus steinmanni","species","Berriasian"
"Glikmanius myachkovensis","species","Sakmarian"
"Glikmanius myachkovensis","species","Wordian"
"Glikmanius culmenis","species","Wordian"
"Omanoselache angiolinii","species","Wordian"
"Gunnellodus bellistriatus","species","Wordian"
"Euselachii","infraclass","Wordian"
"Omanoselache hendersoni","species","Wordian"
"Glikmanius myachkovensis","species","Wordian"
"Glikmanius culmenis","species","Wordian"
"Omanoselache hendersoni","species","Wordian"
"Omanoselache angiolinii","species","Wordian"
"Teresodus amplexus","species","Wordian"
"Gunnellodus bellistriatus","species","Wordian"
"Khuffia lenis","species","Wordian"
"Khuffia prolixa","species","Wordian"
"Cooleyella fordi","species","Wordian"
"Neoselachii","unranked clade","Wordian"
"Glikmanius myachkovensis","species","Wordian"
"Glikmanius culmenis","species","Wordian"
"Gunnellodus bellistriatus","species","Wordian"
"Glikmanius myachkovensis","species","Wordian"
"Glikmanius myachkovensis","species","Wordian"
"Omanoselache hendersoni","species","Wordian"
"Teresodus amplexus","species","Wordian"
"Gunnellodus bellistriatus","species","Wordian"
"Glikmanius myachkovensis","species","Wordian"
"Glikmanius culmenis","species","Wordian"
"Omanoselache hendersoni","species","Wordian"
"Omanoselache angiolinii","species","Wordian"
"Omanoselache","genus","Wordian"
"Reesodus underwoodi","species","Wordian"
"Teresodus amplexus","species","Wordian"
"Gunnellodus bellistriatus","species","Wordian"
"Khuffia lenis","species","Wordian"
"Khuffia prolixa","species","Wordian"
"Nemacanthus","genus","Wordian"
"Amelacanthus sulcatus","species","Wordian"
"Glikmanius myachkovensis","species","Wordian"
"Glikmanius culmenis","species","Wordian"
"Omanoselache hendersoni","species","Wordian"
"Omanoselache angiolinii","species","Wordian"
"Omanoselache","genus","Wordian"
"Reesodus underwoodi","species","Wordian"
"Teresodus amplexus","species","Wordian"
"Gunnellodus bellistriatus","species","Wordian"
"Khuffia lenis","species","Wordian"
"Khuffia prolixa","species","Wordian"
"Euselachii","infraclass","Wordian"
"Glikmanius myachkovensis","species","Wordian"
"Omanoselache hendersoni","species","Wordian"
"Omanoselache","genus","Wordian"
"Reesodus underwoodi","species","Wordian"
"Teresodus amplexus","species","Wordian"
"Gunnellodus bellistriatus","species","Wordian"
"Khuffia lenis","species","Wordian"
"Khuffia prolixa","species","Wordian"
"Omanoselache hendersoni","species","Wordian"
"Teresodus amplexus","species","Wordian"
"Glikmanius myachkovensis","species","Wordian"
"Glikmanius culmenis","species","Wordian"
"Omanoselache hendersoni","species","Wordian"
"Omanoselache angiolinii","species","Wordian"
"Omanoselache","genus","Wordian"
"Teresodus amplexus","species","Wordian"
"Gunnellodus bellistriatus","species","Wordian"
"Khuffia lenis","species","Wordian"
"Euselachii","infraclass","Wordian"
"Amelacanthus sulcatus","species","Wordian"
"Glikmanius myachkovensis","species","Wordian"
"Glikmanius culmenis","species","Wordian"
"Omanoselache hendersoni","species","Wordian"
"Omanoselache angiolinii","species","Wordian"
"Omanoselache","genus","Wordian"
"Reesodus underwoodi","species","Wordian"
"Teresodus amplexus","species","Wordian"
"Gunnellodus bellistriatus","species","Wordian"
"Khuffia lenis","species","Wordian"
"Khuffia prolixa","species","Wordian"
"Glikmanius myachkovensis","species","Wordian"
"Glikmanius culmenis","species","Wordian"
"Omanoselache hendersoni","species","Wordian"
"Omanoselache angiolinii","species","Wordian"
"Omanoselache","genus","Wordian"
"Teresodus amplexus","species","Wordian"
"Hybodontiformes","order","Wordian"
"Gunnellodus bellistriatus","species","Wordian"
"Khuffia lenis","species","Wordian"
"Euselachii","infraclass","Wordian"
"Amelacanthus sulcatus","species","Wordian"
"Glikmanius myachkovensis","species","Wordian"
"Glikmanius culmenis","species","Wordian"
"Omanoselache angiolinii","species","Wordian"
"Teresodus amplexus","species","Wordian"
"Gunnellodus bellistriatus","species","Wordian"
"Euselachii","infraclass","Wordian"
"Cooleyella fordi","species","Wordian"
"Amelacanthus sulcatus","species","Wordian"
"Glikmanius myachkovensis","species","Wordian"
"Glikmanius culmenis","species","Wordian"
"Omanoselache angiolinii","species","Wordian"
"Gunnellodus bellistriatus","species","Wordian"
"Glikmanius myachkovensis","species","Wordian"
"Omanoselache angiolinii","species","Wordian"
"Glikmanius myachkovensis","species","Wordian"
"Omanoselache angiolinii","species","Wordian"
"Glikmanius myachkovensis","species","Wordian"
"Teresodus amplexus","species","Wordian"
"Gunnellodus bellistriatus","species","Wordian"
"Glikmanius myachkovensis","species","Wordian"
"Gunnellodus bellistriatus","species","Wordian"
"Glikmanius myachkovensis","species","Wordian"
"Omanoselache hendersoni","species","Wordian"
"Gunnellodus bellistriatus","species","Wordian"
"Gunnellodus bellistriatus","species","Wordian"
"Glikmanius myachkovensis","species","Wordian"
"Omanoselache hendersoni","species","Wordian"
"Reesodus underwoodi","species","Wordian"
"Teresodus amplexus","species","Wordian"
"Gunnellodus bellistriatus","species","Wordian"
"Khuffia lenis","species","Wordian"
"Khuffia prolixa","species","Wordian"
"Reesodus underwoodi","species","Wordian"
"Myliobatis dixoni","species","Paleocene"
"Eotorpedo hilgendorfi","species","Paleocene"
"Myliobatis dixoni","species","Paleocene"
"Myliobatis dixoni","species","Paleocene"
"Myliobatis dixoni","species","Paleocene"
"Myliobatis dixoni","species","Paleocene"
"Myliobatis dixoni","species","Paleocene"
"Odontaspis","genus","Paleocene"
"Ginglymostoma","genus","Paleocene"
"Eotorpedo hilgendorfi","species","Paleocene"
"Myliobatis dixoni","species","Paleocene"
"Odontaspis","genus","Paleocene"
"Ginglymostoma","genus","Paleocene"
"Ginglymostoma","genus","Paleocene"
"Eotorpedo hilgendorfi","species","Paleocene"
"Myliobatis dixoni","species","Paleocene"
"Myliobatis dixoni","species","Paleocene"
"Myliobatis dixoni","species","Paleocene"
"Thaiodus ruchae","species","Aptian"
"Hybodus","genus","Aptian"
"Heteroptychodus steinmanni","species","Aptian"
"Acrorhizodus khoratensis","species","Aptian"
"Hybodus aequitridentatus","species","Aptian"
"Heteroptychodus steinmanni","species","Aptian"
"Acrodus flemingianus","species","Early Triassic"
"Acrodus","genus","Early Triassic"
"Acrodus jaeckeli","species","Smithian"
"Dasyatis","genus","Maastrichtian"
"Arctacanthus exiguus","species","Anisian"
"Hybodus","genus","Anisian"
"Acrodus spitzbergensis","species","Anisian"
"Polyacrodus","genus","Anisian"
"Euselachii","infraclass","Anisian"
"Acrodus spitzbergensis","species","Anisian"
"Hybodus","genus","Anisian"
"Polyacrodus","genus","Anisian"
"Euselachii","infraclass","Anisian"
"Arctacanthus exiguus","species","Anisian"
"Euselachii","infraclass","Anisian"
"Acrodus spitzbergensis","species","Anisian"
"Euselachii","infraclass","Anisian"
"Acrodus spitzbergensis","species","Anisian"
"Synechodus","genus","Anisian"
"Synechodus triangulus","species","Anisian"
"Synechodus","genus","Anisian"
"Euselachii","infraclass","Anisian"
"Acrodus spitzbergensis","species","Anisian"
"Hybodus","genus","Anisian"
"Polyacrodus","genus","Anisian"
"Synechodus","genus","Anisian"
"Euselachii","infraclass","Anisian"
"Arctacanthus exiguus","species","Anisian"
"Euselachii","infraclass","Anisian"
"Polyacrodus","genus","Anisian"
"Synechodus triangulus","species","Anisian"
"Synechodus","genus","Anisian"
"Synechodus","genus","Anisian"
"Synechodus","genus","Anisian"
"Synechodus triangulus","species","Anisian"
"Synechodus","genus","Anisian"
"Synechodus triangulus","species","Anisian"
"Synechodus","genus","Anisian"
"Synechodus","genus","Spathian"
"Synechodus","genus","Spathian"
"Synechodus","genus","Spathian"
"Synechodus","genus","Spathian"
"Synechodus","genus","Spathian"
"Synechodus","genus","Spathian"
"Synechodus","genus","Spathian"
"Synechodus","genus","Spathian"
"Synechodus","genus","Spathian"
"Synechodus","genus","Spathian"
"Synechodus","genus","Spathian"
"Synechodus","genus","Spathian"
"Synechodus","genus","Spathian"
"Synechodus","genus","Spathian"
"Synechodus","genus","Spathian"
"Acrodus spitzbergensis","species","Smithian"
"Euselachii","infraclass","Carnian"
"Polyacrodus minimus","species","Induan"
"Hybodontidae","family","Ladinian"
"Hybodontidae","family","Alaunian"
"Hybodus huangnidanensis","species","Middle Jurassic"
"Lissodus","genus","Spathian"
"Hybodus","genus","Spathian"
"Hybodus plicatilis","species","Ladinian"
"Hybodus","genus","Ladinian"
"Acrodus","genus","Ladinian"
"Lissodus","genus","Ladinian"
"Hybodus","genus","Ladinian"
"Xiphodolamia serrata","species","Priabonian"
"Carcharocles megalodon","species","Late Pliocene"
"Igdabatis sigmodon","species","Maastrichtian"
"Dasyatis","genus","Maastrichtian"
"Rhombodus laevis","species","Maastrichtian"
"Igdabatis sigmodon","species","Maastrichtian"
"Polyacrodus","genus","Ladinian"
"Hybodus plicatilis","species","Anisian"
"Carcharhinus","genus","Late Oligocene"
"Carcharhinus","genus","Late Oligocene"
"Rhizoprionodon","genus","Late Oligocene"
"Cretolamna","genus","Late Oligocene"
"Nebrius","genus","Late Oligocene"
"Myliobatis","genus","Late Oligocene"
"Carcharhinus balochenisis","species","Rupelian"
"Carcharhinus perseus","species","Rupelian"
"Carcharhinus","genus","Rupelian"
"Negaprion","genus","Rupelian"
"Rhizoprionodon","genus","Rupelian"
"Hemipristis serra","species","Rupelian"
"Odontaspididae","family","Rupelian"
"Orectolobiformes","order","Rupelian"
"Nebrius","genus","Rupelian"
"Pristis lathami","species","Rupelian"
"Rhynchobatus pristinus","species","Rupelian"
"Dasyatis","genus","Rupelian"
"Myliobatis","genus","Rupelian"
"Carcharhinus","genus","Rupelian"
"Carcharhinus perseus","species","Rupelian"
"Carcharhinus","genus","Rupelian"
"Hemipristis serra","species","Rupelian"
"Myliobatis","genus","Rupelian"
"Carcharhinus","genus","Late Oligocene"
"Carcharhinus perseus","species","Late Oligocene"
"Carcharhinus","genus","Late Oligocene"
"Myliobatis","genus","Late Oligocene"
"Carcharhinus perseus","species","Early Oligocene"
"Carcharhinus","genus","Early Oligocene"
"Rhizoprionodon","genus","Early Oligocene"
"Sphyrna","genus","Early Oligocene"
"Pristis lathami","species","Early Oligocene"
"Rhinobatos","genus","Early Oligocene"
"Rhynchobatus pristinus","species","Early Oligocene"
"Dasyatis","genus","Early Oligocene"
"Aetobatus","genus","Early Oligocene"
"Myliobatis","genus","Early Oligocene"
"Carcharhinus perseus","species","Oligocene"
"Acrodus","genus","Middle Triassic"
"Acrodus","genus","Middle Triassic"
"Acrodus lateralis","species","Middle Triassic"
"Acrodus","genus","Middle Triassic"
"Acrodus","genus","Early Triassic"
"Acrodus","genus","Middle Triassic"
"Acrodus","genus","Middle Triassic"
"Acrodus lateralis","species","Middle Triassic"
"Hybodontidae","family","Middle Triassic"
"Hybodontidae","family","Aptian"
"Carcharhinus egertoni","species","Early Miocene"
"Carcharhinus","genus","Early Miocene"
"Hemipristis serra","species","Early Miocene"
"Rhinoptera","genus","Early Miocene"
"Hypolophodon sylvestris","species","Early Miocene"
"Carcharocles megalodon","species","Early Miocene"
"Carcharodon hastalis","species","Early Miocene"
"Changxingselache wangi","species","Changhsingian"
"Changxingselache wangi","species","Changhsingian"
"Hybodontoidea","superfamily","Changhsingian"
"Hybodontoidea","superfamily","Changhsingian"
"Hybodontidae","family","Changhsingian"
"Sinacrodus donglingensis","species","Changhsingian"
"Lissodus xiushuiensis","species","Changhsingian"
"Neoselachii","unranked clade","Changhsingian"
"Neoselachii","unranked clade","Changhsingian"
"Notidanodon lanceolatus","species","Late Cretaceous"
"Sphenodus","genus","Late Cretaceous"
"Scapanorhynchus","genus","Late Cretaceous"
"Squalus latidens","species","Late Cretaceous"
"Sclerorhynchus","genus","Late Cretaceous"
"Squalidae","family","Late Cretaceous"
"Hexanchus","genus","Late Cretaceous"
"Ptychodus","genus","Late Cretaceous"
"Ptychodus latissimus","species","Late Cretaceous"
"Sphenodus longidens","species","Late Cretaceous"
"Sphenodus","genus","Late Cretaceous"
"Odontaspis","genus","Late Cretaceous"
"Scapanorhynchus rhaphiodon","species","Late Cretaceous"
"Scapanorhynchus","genus","Late Cretaceous"
"Cretolamna appendiculata","species","Late Cretaceous"
"Plicatolamna","genus","Late Cretaceous"
"Hexanchus","genus","Late Cretaceous"
"Squalicorax","genus","Late Cretaceous"
"Cretolamna appendiculata","species","Late Cretaceous"
"Cretolamna","genus","Late Cretaceous"
"Sphenodus longidens","species","Late Cretaceous"
"Ptychodus mammillaris","species","Late Cretaceous"
"Notidanodon","genus","Late Cretaceous"
"Notorhynchus","genus","Late Cretaceous"
"Cretolamna","genus","Late Cretaceous"
"Squalicorax","genus","Late Cretaceous"
"Paraorthacodus","genus","Late Cretaceous"
"Striatolamia","genus","Eocene"
"Isurus","genus","Eocene"
"Lamna","genus","Eocene"
"Carcharodon auriculatus","species","Eocene"
"Carcharodon angustidens","species","Eocene"
"Carcharodon","genus","Eocene"
"Hexanchus","genus","Early Oligocene"
"Heterodontus","genus","Early Oligocene"
"Odontaspis","genus","Early Oligocene"
"Carcharodon hastalis","species","Early Oligocene"
"Isurus desori","species","Early Oligocene"
"Lamna","genus","Early Oligocene"
"Galeocerdo","genus","Early Oligocene"
"Negaprion","genus","Early Oligocene"
"Squatina","genus","Early Oligocene"
"Hexanchus","genus","Early Oligocene"
"Heterodontus","genus","Early Oligocene"
"Odontaspis","genus","Early Oligocene"
"Cetorhinus","genus","Early Oligocene"
"Isurus desori","species","Early Oligocene"
"Carcharodon angustidens","species","Early Oligocene"
"Galeorhinus","genus","Early Oligocene"
"Carcharhinus","genus","Early Oligocene"
"Galeocerdo","genus","Early Oligocene"
"Negaprion","genus","Early Oligocene"
"Squalus","genus","Early Oligocene"
"Squatina","genus","Early Oligocene"
"Myliobatis","genus","Early Oligocene"
"Hexanchus","genus","Miocene"
"Odontaspis","genus","Miocene"
"Cetorhinus maximus","species","Miocene"
"Carcharodon hastalis","species","Miocene"
"Isurus desori","species","Miocene"
"Carcharocles megalodon","species","Miocene"
"Galeocerdo aduncus","species","Miocene"
"Carcharhinus","genus","Miocene"
"Hemipristis serra","species","Miocene"
"Negaprion","genus","Miocene"
"Squatina","genus","Miocene"
"Carcharodon hastalis","species","Middle Miocene"
"Carcharodon","genus","Middle Miocene"
"Hemipristis serra","species","Middle Miocene"
"Carcharhinus","genus","Middle Miocene"
"Negaprion","genus","Middle Miocene"
"Squatina","genus","Middle Miocene"
"Isurus","genus","Miocene"
"Lamna","genus","Miocene"
"Carcharocles megalodon","species","Miocene"
"Carcharodon","genus","Miocene"
"Otodus","genus","Miocene"
"Xiphodolamia","genus","Miocene"
"Carcharhinus","genus","Miocene"
"Galeocerdo aduncus","species","Miocene"
"Negaprion","genus","Miocene"
"Squalus","genus","Miocene"
"Myliobatis","genus","Miocene"
"Chlamydoselachus","genus","Middle Miocene"
"Hexanchus","genus","Middle Miocene"
"Heptranchias","genus","Middle Miocene"
"Nebrius","genus","Middle Miocene"
"Odontaspis acutissima","species","Middle Miocene"
"Odontaspis","genus","Middle Miocene"
"Odontaspis cuspidata","species","Middle Miocene"
"Pseudocarcharias","genus","Middle Miocene"
"Galeus","genus","Middle Miocene"
"Alopias latidens","species","Middle Miocene"
"Alopias","genus","Middle Miocene"
"Alopias","genus","Middle Miocene"
"Cetorhinus","genus","Middle Miocene"
"Carcharocles megalodon","species","Middle Miocene"
"Isurus","genus","Middle Miocene"
"Isurus","genus","Middle Miocene"
"Isurus","genus","Middle Miocene"
"Isurus desori","species","Middle Miocene"
"Carcharodon hastalis","species","Middle Miocene"
"Isurus","genus","Middle Miocene"
"Hemipristis serra","species","Middle Miocene"
"Carcharhinus","genus","Middle Miocene"
"Carcharhinus","genus","Middle Miocene"
"Galeocerdo aduncus","species","Middle Miocene"
"Negaprion","genus","Middle Miocene"
"Negaprion","genus","Middle Miocene"
"Sphyrna","genus","Middle Miocene"
"Squalus","genus","Middle Miocene"
"Dalatias","genus","Middle Miocene"
"Pristiophorus","genus","Middle Miocene"
"Squatina","genus","Middle Miocene"
"Rhynchobatus","genus","Middle Miocene"
"Raja","genus","Middle Miocene"
"Dasyatis","genus","Middle Miocene"
"Dasyatis","genus","Middle Miocene"
"Aetobatus","genus","Middle Miocene"
"Rhinoptera","genus","Middle Miocene"
"Manta","genus","Middle Miocene"
"Mobula","genus","Middle Miocene"
"Carcharodon sulcidens","species","Middle Miocene"
"Carcharocles megalodon","species","Middle Miocene"
"Isurus","genus","Middle Miocene"
"Hexanchus","genus","Miocene"
"Odontaspis acutissima","species","Miocene"
"Cetorhinus","genus","Miocene"
"Carcharodon hastalis","species","Miocene"
"Isurus","genus","Miocene"
"Isurus desori","species","Miocene"
"Carcharocles megalodon","species","Miocene"
"Hemipristis serra","species","Miocene"
"Carcharhinus","genus","Miocene"
"Galeorhinus affinis","species","Miocene"
"Galeocerdo aduncus","species","Miocene"
"Squalus","genus","Miocene"
"Squatina","genus","Miocene"
"Dasyatis","genus","Miocene"
"Myliobatis","genus","Miocene"
"Carcharodon carcharias","species","Pliocene"
"Carcharhinus","genus","Pliocene"
"Dalatias","genus","Pliocene"
"Heterodontus","genus","Pliocene"
"Isurus","genus","Pliocene"
"Isurus","genus","Pliocene"
"Pristiophorus","genus","Pliocene"
"Isurus","genus","Pleistocene"
"Carcharhinus","genus","Pleistocene"
"Galeocerdo","genus","Pleistocene"
"Squatina","genus","Pleistocene"
"Cetorhinus maximus","species","Early Pleistocene"
"Isurus","genus","Early Pleistocene"
"Carcharhinus","genus","Early Pleistocene"
"Sphyrna zygaena","species","Early Pleistocene"
"Dalatias","genus","Serravallian"
"Squalus","genus","Serravallian"
"Rajidae","family","Serravallian"
 species not entered","Carcharias","64190"
"Odontaspis","genus","Serravallian"
"Carcharhinus","genus","Serravallian"
"Carcharocles megalodon","species","Serravallian"
"Parotodus benedeni","species","Serravallian"
"Isurus desori","species","Serravallian"
"Carcharodon hastalis","species","Serravallian"
"Isurus","genus","Serravallian"
"Carcharhinus priscus","species","Serravallian"
"Carcharodon hastalis","species","Middle Miocene"
"Isurus","genus","Middle Miocene"
"Hexanchus","genus","Middle Miocene"
"Dalatias","genus","Middle Miocene"
"Pristiophorus","genus","Middle Miocene"
"Rhinoptera","genus","Middle Miocene"
"Squatina","genus","Middle Miocene"
 species not entered","Carcharias","64190"
 species not entered","Carcharias","64190"
"Odontaspis","genus","Middle Miocene"
"Alopias superciliosus","species","Middle Miocene"
"Carcharocles megalodon","species","Middle Miocene"
"Isurus desori","species","Middle Miocene"
"Carcharodon hastalis","species","Middle Miocene"
"Isurus","genus","Middle Miocene"
"Hemipristis serra","species","Middle Miocene"
"Galeocerdo aduncus","species","Middle Miocene"
"Carcharhinus egertoni","species","Middle Miocene"
"Carcharhinus priscus","species","Middle Miocene"
"Carcharhinus","genus","Middle Miocene"
"Squalus","genus","Langhian"
 species not entered","Carcharias","64190"
"Carcharhinus egertoni","species","Langhian"
"Carcharhinus priscus","species","Langhian"
 species not entered","Carcharias","64190"
 species not entered","Carcharias","64190"
"Odontaspis","genus","Middle Miocene"
"Cetorhinus maximus","species","Middle Miocene"
"Carcharocles megalodon","species","Middle Miocene"
"Isurus desori","species","Middle Miocene"
"Carcharodon hastalis","species","Middle Miocene"
"Isurus","genus","Middle Miocene"
"Carcharhinus priscus","species","Middle Miocene"
"Carcharhinus","genus","Middle Miocene"
"Hexanchus","genus","Middle Miocene"
 species not entered","Carcharias","64190"
"Carcharhinus priscus","species","Middle Miocene"
"Carcharocles megalodon","species","Middle Miocene"
"Isurus desori","species","Middle Miocene"
"Carcharodon hastalis","species","Middle Miocene"
"Isurus","genus","Middle Miocene"
"Carcharhinus egertoni","species","Middle Miocene"
"Hexanchus","genus","Middle Miocene"
"Squalus","genus","Middle Miocene"
"Pristiophorus","genus","Middle Miocene"
"Squatina","genus","Middle Miocene"
 species not entered","Carcharias","64190"
"Carcharocles megalodon","species","Middle Miocene"
"Parotodus benedeni","species","Middle Miocene"
"Isurus desori","species","Middle Miocene"
"Carcharodon hastalis","species","Middle Miocene"
"Isurus","genus","Middle Miocene"
"Scyliorhinus","genus","Middle Miocene"
"Carcharhinus egertoni","species","Middle Miocene"
"Carcharhinus priscus","species","Middle Miocene"
"Carcharocles megalodon","species","Serravallian"
"Carcharhinus priscus","species","Serravallian"
"Carcharodon hastalis","species","Serravallian"
"Isurus","genus","Serravallian"
"Scyliorhinus","genus","Serravallian"
"Carcharocles megalodon","species","Late Miocene"
"Isurus","genus","Late Miocene"
"Carcharhinus priscus","species","Late Miocene"
"Carcharhinus priscus","species","Late Miocene"
"Carcharocles megalodon","species","Serravallian"
"Carcharodon hastalis","species","Serravallian"
"Isurus","genus","Serravallian"
"Carcharocles megalodon","species","Serravallian"
"Carcharodon hastalis","species","Serravallian"
"Isurus","genus","Serravallian"
"Carcharhinus priscus","species","Serravallian"
"Carcharhinidae","family","Middle Miocene"
"Carcharodon carcharias","species","Early Pleistocene"
"Isurus oxyrhinchus","species","Early Pleistocene"
"Carcharhinus","genus","Early Pleistocene"
"Carcharocles megalodon","species","Middle Miocene"
"Carcharocles megalodon","species","Middle Miocene"
"Phoebodus","genus","Late Famennian"
"Carcharocles megalodon","species","Miocene"
"Carcharocles megalodon","species","Tortonian"
"Squalicorax pristodontus","species","Maastrichtian"
"Cretolamna","genus","Maastrichtian"
"Myliobatoidea","superfamily","Maastrichtian"
"Safrodus tozeri","species","Smithian"
"Polyfaciodus pandus","species","Smithian"
"Omanoselache halli","species","Spathian"
"Omanoselache halli","species","Spathian"
"Omanoselache","genus","Spathian"
"Safrodus tozeri","species","Spathian"
"Safrodus tozeri","species","Spathian"
"Polyfaciodus pandus","species","Spathian"
"Omanoselache halli","species","Spathian"
"Safrodus tozeri","species","Spathian"
"Polyfaciodus pandus","species","Spathian"
"Omanoselache","genus","Spathian"
"Safrodus tozeri","species","Spathian"
"Omanoselache halli","species","Spathian"
"Omanoselache","genus","Spathian"
"Safrodus tozeri","species","Spathian"
"Safrodus tozeri","species","Spathian"
"Polyfaciodus pandus","species","Spathian"
"Amelacanthus","genus","Spathian"
"Safrodus tozeri","species","Spathian"
"Polyfaciodus pandus","species","Spathian"
"Omanoselache halli","species","Spathian"
"Safrodus tozeri","species","Spathian"
"Polyfaciodus pandus","species","Spathian"
"Safrodus tozeri","species","Smithian"
"Polyfaciodus pandus","species","Griesbachian"
"Omanoselache halli","species","Griesbachian"
"Hemipristis serra","species","Early Oligocene"
"Hemipristis","genus","Early Oligocene"
"Negaprion","genus","Early Oligocene"
"Galeocerdo aduncus","species","Early Oligocene"
"Rhizoprionodon","genus","Early Oligocene"
"Nebrius","genus","Early Oligocene"
"Rhynchobatus pristinus","species","Early Oligocene"
"Dasyatis","genus","Early Oligocene"
"Rhinoptera","genus","Early Oligocene"
"Aetobatus arcuatus","species","Early Oligocene"
"Selachii","unranked clade","Early Cretaceous"
"Hybodontidae","family","Neocomian"
"Odontaspis cuspidata","species","Bartonian"
"Physogaleus","genus","Ypresian"
"Myliobatis","genus","Ypresian"
"Selachii","unranked clade","Late Oligocene"
"Selachii","unranked clade","Late Oligocene"
